path,start,end,index,caption,video_id,video_rank
output/frames/4966/img_000933.jpg,933,1212,933,"C stands at the kitchen counter, looking at the bowl of mixed vegetables. C reaches for a spoon, then picks up a container of seasoning. C begins to mix the vegetables with the seasoning.",4966,491
output/frames/4966/img_001173.jpg,933,1212,1173,"C stands at the kitchen counter, looking at the bowl of mixed vegetables. C reaches for a spoon, then picks up a container of seasoning. C begins to mix the vegetables with the seasoning.",4966,491
output/frames/4967/img_003587.jpg,3587,3842,3587,"C sits at a table filled with pottery tools and finished pieces. C picks up a piece of clay and begins to shape it with their hands. C continues to work on the clay, carefully molding it into a desired form.",4967,492
output/frames/4967/img_003827.jpg,3587,3842,3827,"C sits at a table filled with pottery tools and finished pieces. C picks up a piece of clay and begins to shape it with their hands. C continues to work on the clay, carefully molding it into a desired form.",4967,492
output/frames/4967/img_004424.jpg,4424,4879,4424,"C sits at a table filled with clay pieces and tools, carefully shaping a small clay object with their hands. They focus intently on the task, their fingers delicately molding the clay. The table is cluttered with various pottery items, indicating a busy and creative workspace.",4967,492
output/frames/4967/img_004664.jpg,4424,4879,4664,"C sits at a table filled with clay pieces and tools, carefully shaping a small clay object with their hands. They focus intently on the task, their fingers delicately molding the clay. The table is cluttered with various pottery items, indicating a busy and creative workspace.",4967,492
output/frames/4967/img_004880.jpg,4880,5053,4880,"C sits at a table covered in clay and pottery tools, their hands dusted with clay. They gently rub their hands together, preparing for the next step in their pottery work. The table is cluttered with various clay pieces and tools, indicating a busy and creative workspace.",4967,492
output/frames/4988/img_003805.jpg,3805,4388,3805,"C picks up a paintbrush and begins painting on a canvas, carefully applying paint to the surface. C then reaches for a watercolor palette, selecting a color and adding it to the painting. C continues to paint, focusing on the details of the artwork.",4988,493
output/frames/4988/img_003925.jpg,3805,4388,3925,"C picks up a paintbrush and begins painting on a canvas, carefully applying paint to the surface. C then reaches for a watercolor palette, selecting a color and adding it to the painting. C continues to paint, focusing on the details of the artwork.",4988,493
output/frames/4988/img_004045.jpg,3805,4388,4045,"C picks up a paintbrush and begins painting on a canvas, carefully applying paint to the surface. C then reaches for a watercolor palette, selecting a color and adding it to the painting. C continues to paint, focusing on the details of the artwork.",4988,493
output/frames/4988/img_004165.jpg,3805,4388,4165,"C picks up a paintbrush and begins painting on a canvas, carefully applying paint to the surface. C then reaches for a watercolor palette, selecting a color and adding it to the painting. C continues to paint, focusing on the details of the artwork.",4988,493
output/frames/4988/img_004285.jpg,3805,4388,4285,"C picks up a paintbrush and begins painting on a canvas, carefully applying paint to the surface. C then reaches for a watercolor palette, selecting a color and adding it to the painting. C continues to paint, focusing on the details of the artwork.",4988,493
output/frames/4991/img_002302.jpg,2302,2473,2302,"C dribbles the ball, preparing to take a shot. They move quickly across the court, with a defender approaching. C leaps, shooting the ball towards the basket, but it goes wide.",4991,494
output/frames/4991/img_002644.jpg,2644,2848,2644,"C dribbles the ball, then jumps and shoots it towards the hoop. The ball goes through the net, and C lands on the court. C looks around the court, then starts to dribble again.",4991,494
output/frames/4991/img_003182.jpg,3182,3719,3182,"C dribbles the basketball, then passes it to a friend who is sitting on the court. The friend catches the ball and dribbles it back to C, who is now standing on the court. C looks around the court and sees a few other people sitting on the ground.",4991,494
output/frames/4991/img_003422.jpg,3182,3719,3422,"C dribbles the basketball, then passes it to a friend who is sitting on the court. The friend catches the ball and dribbles it back to C, who is now standing on the court. C looks around the court and sees a few other people sitting on the ground.",4991,494
output/frames/4991/img_003662.jpg,3182,3719,3662,"C dribbles the basketball, then passes it to a friend who is sitting on the court. The friend catches the ball and dribbles it back to C, who is now standing on the court. C looks around the court and sees a few other people sitting on the ground.",4991,494
output/frames/4995/img_000292.jpg,292,581,292,"C holds a piece of cardboard in their hands, examining it closely. They then place it on the table, where it rests among other pieces of cardboard and tools. C begins to work on the cardboard, using a tool to cut and shape it.",4995,495
output/frames/4995/img_000412.jpg,292,581,412,"C holds a piece of cardboard in their hands, examining it closely. They then place it on the table, where it rests among other pieces of cardboard and tools. C begins to work on the cardboard, using a tool to cut and shape it.",4995,495
output/frames/4995/img_000532.jpg,292,581,532,"C holds a piece of cardboard in their hands, examining it closely. They then place it on the table, where it rests among other pieces of cardboard and tools. C begins to work on the cardboard, using a tool to cut and shape it.",4995,495
output/frames/4995/img_001723.jpg,1723,2054,1723,"C places a piece of cardboard on a blue cutting mat, aligning it with a ruler. C then adjusts the cardboard, ensuring it is properly positioned for cutting. C picks up a pair of scissors and begins to cut the cardboard along the ruler's edge.",4995,495
output/frames/4995/img_001843.jpg,1723,2054,1843,"C places a piece of cardboard on a blue cutting mat, aligning it with a ruler. C then adjusts the cardboard, ensuring it is properly positioned for cutting. C picks up a pair of scissors and begins to cut the cardboard along the ruler's edge.",4995,495
output/frames/4995/img_001963.jpg,1723,2054,1963,"C places a piece of cardboard on a blue cutting mat, aligning it with a ruler. C then adjusts the cardboard, ensuring it is properly positioned for cutting. C picks up a pair of scissors and begins to cut the cardboard along the ruler's edge.",4995,495
output/frames/4995/img_002407.jpg,2407,2828,2407,C places a ruler on a piece of cardboard and uses a craft knife to cut along the edge of the ruler. C then adjusts the ruler and continues cutting the cardboard. C then lifts the ruler and begins to cut along the edge of the cardboard.,4995,495
output/frames/4995/img_002422.jpg,2407,2828,2422,C places a ruler on a piece of cardboard and uses a craft knife to cut along the edge of the ruler. C then adjusts the ruler and continues cutting the cardboard. C then lifts the ruler and begins to cut along the edge of the cardboard.,4995,495
output/frames/4995/img_002437.jpg,2407,2828,2437,C places a ruler on a piece of cardboard and uses a craft knife to cut along the edge of the ruler. C then adjusts the ruler and continues cutting the cardboard. C then lifts the ruler and begins to cut along the edge of the cardboard.,4995,495
output/frames/4995/img_002452.jpg,2407,2828,2452,C places a ruler on a piece of cardboard and uses a craft knife to cut along the edge of the ruler. C then adjusts the ruler and continues cutting the cardboard. C then lifts the ruler and begins to cut along the edge of the cardboard.,4995,495
output/frames/4995/img_002467.jpg,2407,2828,2467,C places a ruler on a piece of cardboard and uses a craft knife to cut along the edge of the ruler. C then adjusts the ruler and continues cutting the cardboard. C then lifts the ruler and begins to cut along the edge of the cardboard.,4995,495
output/frames/4995/img_002482.jpg,2407,2828,2482,C places a ruler on a piece of cardboard and uses a craft knife to cut along the edge of the ruler. C then adjusts the ruler and continues cutting the cardboard. C then lifts the ruler and begins to cut along the edge of the cardboard.,4995,495
output/frames/4995/img_002497.jpg,2407,2828,2497,C places a ruler on a piece of cardboard and uses a craft knife to cut along the edge of the ruler. C then adjusts the ruler and continues cutting the cardboard. C then lifts the ruler and begins to cut along the edge of the cardboard.,4995,495
output/frames/4995/img_002512.jpg,2407,2828,2512,C places a ruler on a piece of cardboard and uses a craft knife to cut along the edge of the ruler. C then adjusts the ruler and continues cutting the cardboard. C then lifts the ruler and begins to cut along the edge of the cardboard.,4995,495
output/frames/4995/img_002527.jpg,2407,2828,2527,C places a ruler on a piece of cardboard and uses a craft knife to cut along the edge of the ruler. C then adjusts the ruler and continues cutting the cardboard. C then lifts the ruler and begins to cut along the edge of the cardboard.,4995,495
output/frames/4995/img_002542.jpg,2407,2828,2542,C places a ruler on a piece of cardboard and uses a craft knife to cut along the edge of the ruler. C then adjusts the ruler and continues cutting the cardboard. C then lifts the ruler and begins to cut along the edge of the cardboard.,4995,495
output/frames/4995/img_002557.jpg,2407,2828,2557,C places a ruler on a piece of cardboard and uses a craft knife to cut along the edge of the ruler. C then adjusts the ruler and continues cutting the cardboard. C then lifts the ruler and begins to cut along the edge of the cardboard.,4995,495
output/frames/4995/img_002572.jpg,2407,2828,2572,C places a ruler on a piece of cardboard and uses a craft knife to cut along the edge of the ruler. C then adjusts the ruler and continues cutting the cardboard. C then lifts the ruler and begins to cut along the edge of the cardboard.,4995,495
output/frames/4995/img_002587.jpg,2407,2828,2587,C places a ruler on a piece of cardboard and uses a craft knife to cut along the edge of the ruler. C then adjusts the ruler and continues cutting the cardboard. C then lifts the ruler and begins to cut along the edge of the cardboard.,4995,495
output/frames/4995/img_002602.jpg,2407,2828,2602,C places a ruler on a piece of cardboard and uses a craft knife to cut along the edge of the ruler. C then adjusts the ruler and continues cutting the cardboard. C then lifts the ruler and begins to cut along the edge of the cardboard.,4995,495
output/frames/4995/img_002617.jpg,2407,2828,2617,C places a ruler on a piece of cardboard and uses a craft knife to cut along the edge of the ruler. C then adjusts the ruler and continues cutting the cardboard. C then lifts the ruler and begins to cut along the edge of the cardboard.,4995,495
output/frames/4995/img_002632.jpg,2407,2828,2632,C places a ruler on a piece of cardboard and uses a craft knife to cut along the edge of the ruler. C then adjusts the ruler and continues cutting the cardboard. C then lifts the ruler and begins to cut along the edge of the cardboard.,4995,495
output/frames/4995/img_002647.jpg,2407,2828,2647,C places a ruler on a piece of cardboard and uses a craft knife to cut along the edge of the ruler. C then adjusts the ruler and continues cutting the cardboard. C then lifts the ruler and begins to cut along the edge of the cardboard.,4995,495
output/frames/4995/img_002662.jpg,2407,2828,2662,C places a ruler on a piece of cardboard and uses a craft knife to cut along the edge of the ruler. C then adjusts the ruler and continues cutting the cardboard. C then lifts the ruler and begins to cut along the edge of the cardboard.,4995,495
output/frames/4995/img_002677.jpg,2407,2828,2677,C places a ruler on a piece of cardboard and uses a craft knife to cut along the edge of the ruler. C then adjusts the ruler and continues cutting the cardboard. C then lifts the ruler and begins to cut along the edge of the cardboard.,4995,495
output/frames/4995/img_002692.jpg,2407,2828,2692,C places a ruler on a piece of cardboard and uses a craft knife to cut along the edge of the ruler. C then adjusts the ruler and continues cutting the cardboard. C then lifts the ruler and begins to cut along the edge of the cardboard.,4995,495
output/frames/4995/img_002707.jpg,2407,2828,2707,C places a ruler on a piece of cardboard and uses a craft knife to cut along the edge of the ruler. C then adjusts the ruler and continues cutting the cardboard. C then lifts the ruler and begins to cut along the edge of the cardboard.,4995,495
output/frames/4995/img_002722.jpg,2407,2828,2722,C places a ruler on a piece of cardboard and uses a craft knife to cut along the edge of the ruler. C then adjusts the ruler and continues cutting the cardboard. C then lifts the ruler and begins to cut along the edge of the cardboard.,4995,495
output/frames/4995/img_002737.jpg,2407,2828,2737,C places a ruler on a piece of cardboard and uses a craft knife to cut along the edge of the ruler. C then adjusts the ruler and continues cutting the cardboard. C then lifts the ruler and begins to cut along the edge of the cardboard.,4995,495
output/frames/4995/img_002752.jpg,2407,2828,2752,C places a ruler on a piece of cardboard and uses a craft knife to cut along the edge of the ruler. C then adjusts the ruler and continues cutting the cardboard. C then lifts the ruler and begins to cut along the edge of the cardboard.,4995,495
output/frames/4995/img_002767.jpg,2407,2828,2767,C places a ruler on a piece of cardboard and uses a craft knife to cut along the edge of the ruler. C then adjusts the ruler and continues cutting the cardboard. C then lifts the ruler and begins to cut along the edge of the cardboard.,4995,495
output/frames/4995/img_002782.jpg,2407,2828,2782,C places a ruler on a piece of cardboard and uses a craft knife to cut along the edge of the ruler. C then adjusts the ruler and continues cutting the cardboard. C then lifts the ruler and begins to cut along the edge of the cardboard.,4995,495
output/frames/4995/img_002797.jpg,2407,2828,2797,C places a ruler on a piece of cardboard and uses a craft knife to cut along the edge of the ruler. C then adjusts the ruler and continues cutting the cardboard. C then lifts the ruler and begins to cut along the edge of the cardboard.,4995,495
output/frames/4995/img_002812.jpg,2407,2828,2812,C places a ruler on a piece of cardboard and uses a craft knife to cut along the edge of the ruler. C then adjusts the ruler and continues cutting the cardboard. C then lifts the ruler and begins to cut along the edge of the cardboard.,4995,495
output/frames/4995/img_002827.jpg,2407,2828,2827,C places a ruler on a piece of cardboard and uses a craft knife to cut along the edge of the ruler. C then adjusts the ruler and continues cutting the cardboard. C then lifts the ruler and begins to cut along the edge of the cardboard.,4995,495
output/frames/4995/img_004000.jpg,4000,4490,4000,"C places a piece of cardboard on a blue cutting mat, then adjusts it with both hands. C picks up a pair of scissors and begins to cut the cardboard, carefully following the edge. C continues to cut the cardboard, occasionally pausing to adjust its position.",4995,495
output/frames/4995/img_004060.jpg,4000,4490,4060,"C places a piece of cardboard on a blue cutting mat, then adjusts it with both hands. C picks up a pair of scissors and begins to cut the cardboard, carefully following the edge. C continues to cut the cardboard, occasionally pausing to adjust its position.",4995,495
output/frames/4995/img_004120.jpg,4000,4490,4120,"C places a piece of cardboard on a blue cutting mat, then adjusts it with both hands. C picks up a pair of scissors and begins to cut the cardboard, carefully following the edge. C continues to cut the cardboard, occasionally pausing to adjust its position.",4995,495
output/frames/4995/img_004180.jpg,4000,4490,4180,"C places a piece of cardboard on a blue cutting mat, then adjusts it with both hands. C picks up a pair of scissors and begins to cut the cardboard, carefully following the edge. C continues to cut the cardboard, occasionally pausing to adjust its position.",4995,495
output/frames/4995/img_004240.jpg,4000,4490,4240,"C places a piece of cardboard on a blue cutting mat, then adjusts it with both hands. C picks up a pair of scissors and begins to cut the cardboard, carefully following the edge. C continues to cut the cardboard, occasionally pausing to adjust its position.",4995,495
output/frames/4995/img_004300.jpg,4000,4490,4300,"C places a piece of cardboard on a blue cutting mat, then adjusts it with both hands. C picks up a pair of scissors and begins to cut the cardboard, carefully following the edge. C continues to cut the cardboard, occasionally pausing to adjust its position.",4995,495
output/frames/4995/img_004360.jpg,4000,4490,4360,"C places a piece of cardboard on a blue cutting mat, then adjusts it with both hands. C picks up a pair of scissors and begins to cut the cardboard, carefully following the edge. C continues to cut the cardboard, occasionally pausing to adjust its position.",4995,495
output/frames/4995/img_004420.jpg,4000,4490,4420,"C places a piece of cardboard on a blue cutting mat, then adjusts it with both hands. C picks up a pair of scissors and begins to cut the cardboard, carefully following the edge. C continues to cut the cardboard, occasionally pausing to adjust its position.",4995,495
output/frames/4995/img_004480.jpg,4000,4490,4480,"C places a piece of cardboard on a blue cutting mat, then adjusts it with both hands. C picks up a pair of scissors and begins to cut the cardboard, carefully following the edge. C continues to cut the cardboard, occasionally pausing to adjust its position.",4995,495
output/frames/4995/img_004842.jpg,4842,5001,4842,"C places a piece of cardboard on a blue cutting mat, then uses a ruler to measure and align it. C adjusts the cardboard, ensuring it is properly positioned for the next step in the crafting process. C then uses a knife to cut along the edge of the cardboard, carefully following the measured line.",4995,495
output/frames/4997/img_000500.jpg,500,999,500,"C stirs the batter in a bowl with a spoon. They pause to look around the kitchen, then continue stirring. C places the bowl on the counter and begins to clean the sink.",4997,496
output/frames/4997/img_000620.jpg,500,999,620,"C stirs the batter in a bowl with a spoon. They pause to look around the kitchen, then continue stirring. C places the bowl on the counter and begins to clean the sink.",4997,496
output/frames/4997/img_000740.jpg,500,999,740,"C stirs the batter in a bowl with a spoon. They pause to look around the kitchen, then continue stirring. C places the bowl on the counter and begins to clean the sink.",4997,496
output/frames/4997/img_000860.jpg,500,999,860,"C stirs the batter in a bowl with a spoon. They pause to look around the kitchen, then continue stirring. C places the bowl on the counter and begins to clean the sink.",4997,496
output/frames/4997/img_000980.jpg,500,999,980,"C stirs the batter in a bowl with a spoon. They pause to look around the kitchen, then continue stirring. C places the bowl on the counter and begins to clean the sink.",4997,496
output/frames/4997/img_001176.jpg,1176,1499,1176,"C stirs the batter in a bowl with a spoon. They continue stirring, occasionally pausing to mix the ingredients. C then sets the bowl down on the counter and begins to prepare the next step in the recipe.",4997,496
output/frames/4997/img_001416.jpg,1176,1499,1416,"C stirs the batter in a bowl with a spoon. They continue stirring, occasionally pausing to mix the ingredients. C then sets the bowl down on the counter and begins to prepare the next step in the recipe.",4997,496
output/frames/4997/img_001500.jpg,1500,1719,1500,"C stirs the batter in a bowl with a spoon, then moves to the sink to wash their hands. They place the bowl on the counter and reach for a container of food, which they open and begin to eat.",4997,496
output/frames/4997/img_001620.jpg,1500,1719,1620,"C stirs the batter in a bowl with a spoon, then moves to the sink to wash their hands. They place the bowl on the counter and reach for a container of food, which they open and begin to eat.",4997,496
output/frames/4997/img_001720.jpg,1720,1977,1720,C opens a container of salt and pours it into a pot on the stove. C then picks up a container of sugar and adds it to the pot as well.,4997,496
output/frames/4997/img_001960.jpg,1720,1977,1960,C opens a container of salt and pours it into a pot on the stove. C then picks up a container of sugar and adds it to the pot as well.,4997,496
output/frames/4997/img_002657.jpg,2657,3103,2657,C places a container of salt on the counter and opens it. C then pours the salt into a pot on the stove. C continues to pour the salt into the pot.,4997,496
output/frames/4997/img_002777.jpg,2657,3103,2777,C places a container of salt on the counter and opens it. C then pours the salt into a pot on the stove. C continues to pour the salt into the pot.,4997,496
output/frames/4997/img_002897.jpg,2657,3103,2897,C places a container of salt on the counter and opens it. C then pours the salt into a pot on the stove. C continues to pour the salt into the pot.,4997,496
output/frames/4997/img_003017.jpg,2657,3103,3017,C places a container of salt on the counter and opens it. C then pours the salt into a pot on the stove. C continues to pour the salt into the pot.,4997,496
output/frames/4997/img_003104.jpg,3104,3366,3104,C opens a jar and adds some salt to the pan on the stove. C then picks up a bottle of oil and pours it into the pan.,4997,496
output/frames/4997/img_003344.jpg,3104,3366,3344,C opens a jar and adds some salt to the pan on the stove. C then picks up a bottle of oil and pours it into the pan.,4997,496
output/frames/4997/img_003367.jpg,3367,3518,3367,C picks up a bowl of batter from the counter. C stirs the batter with a spoon. C walks towards the sink.,4997,496
output/frames/4997/img_003487.jpg,3367,3518,3487,C picks up a bowl of batter from the counter. C stirs the batter with a spoon. C walks towards the sink.,4997,496
output/frames/4997/img_003519.jpg,3519,3701,3519,"C places the bowl of batter on the counter and reaches for the stove, preparing to cook. C adjusts the heat on the stove, then turns to the sink to wash their hands. C then turns back to the stove, ready to continue cooking.",4997,496
output/frames/4997/img_003639.jpg,3519,3701,3639,"C places the bowl of batter on the counter and reaches for the stove, preparing to cook. C adjusts the heat on the stove, then turns to the sink to wash their hands. C then turns back to the stove, ready to continue cooking.",4997,496
output/frames/4997/img_003702.jpg,3702,4033,3702,C opens a cabinet and takes out a plastic bag. C places the bag on the counter and then opens a drawer and takes out a white packet. C places the packet on the counter.,4997,496
output/frames/4997/img_003942.jpg,3702,4033,3942,C opens a cabinet and takes out a plastic bag. C places the bag on the counter and then opens a drawer and takes out a white packet. C places the packet on the counter.,4997,496
output/frames/4997/img_004034.jpg,4034,4344,4034,C opens the refrigerator and takes out a bottle of milk. C then walks to the sink and begins to wash dishes. C returns to the refrigerator and takes out another bottle of milk.,4997,496
output/frames/4997/img_004274.jpg,4034,4344,4274,C opens the refrigerator and takes out a bottle of milk. C then walks to the sink and begins to wash dishes. C returns to the refrigerator and takes out another bottle of milk.,4997,496
output/frames/4997/img_004590.jpg,4590,4793,4590,C picks up a plate from the counter and places it on the sink. C then picks up a cup and places it on the counter. C walks to the sink and begins to wash the cup.,4997,496
output/frames/4997/img_004710.jpg,4590,4793,4710,C picks up a plate from the counter and places it on the sink. C then picks up a cup and places it on the counter. C walks to the sink and begins to wash the cup.,4997,496
output/frames/4997/img_004794.jpg,4794,5148,4794,C picks up a banana from the counter and places it on the cutting board. C then proceeds to wash the banana with a sponge. C turns on the tap and rinses the banana under the running water.,4997,496
output/frames/4997/img_004914.jpg,4794,5148,4914,C picks up a banana from the counter and places it on the cutting board. C then proceeds to wash the banana with a sponge. C turns on the tap and rinses the banana under the running water.,4997,496
output/frames/4997/img_005034.jpg,4794,5148,5034,C picks up a banana from the counter and places it on the cutting board. C then proceeds to wash the banana with a sponge. C turns on the tap and rinses the banana under the running water.,4997,496
output/frames/5007/img_000000.jpg,0,169,0,"C climbs up the scaffolding, looking down at the construction site below. They pass by a worker who is working on the scaffolding, and C continues to climb higher. C then looks down at the ground, where another worker is working on the ground level.",5007,497
output/frames/5007/img_000170.jpg,170,409,170,"C stands on a construction site, surveying the area. The ground is littered with debris, including broken tiles, wooden planks, and construction waste. C moves their hand towards the camera, possibly adjusting or pointing at something.",5007,497
output/frames/5007/img_000290.jpg,170,409,290,"C stands on a construction site, surveying the area. The ground is littered with debris, including broken tiles, wooden planks, and construction waste. C moves their hand towards the camera, possibly adjusting or pointing at something.",5007,497
output/frames/5007/img_000410.jpg,410,754,410,"C stands on a scaffolding, looking down at the construction site below. They move towards a blue bucket on the ground, then step back to survey the area. C picks up a piece of wood from the ground, preparing to use it for their task.",5007,497
output/frames/5007/img_000650.jpg,410,754,650,"C stands on a scaffolding, looking down at the construction site below. They move towards a blue bucket on the ground, then step back to survey the area. C picks up a piece of wood from the ground, preparing to use it for their task.",5007,497
output/frames/5007/img_000755.jpg,755,999,755,C pours water from a blue cup into a concrete mixing bowl. The camera pans to show the surrounding construction materials and tools on the ground. C continues to mix the concrete with the water.,5007,497
output/frames/5007/img_000995.jpg,755,999,995,C pours water from a blue cup into a concrete mixing bowl. The camera pans to show the surrounding construction materials and tools on the ground. C continues to mix the concrete with the water.,5007,497
output/frames/5007/img_001272.jpg,1272,1438,1272,"C walks into a construction site, passing by a pile of construction materials and tools. They notice a green figure hanging on the wall and continue moving through the area, which is cluttered with various construction supplies. C then approaches a bucket of cement, preparing to use it for the next task.",5007,497
output/frames/5007/img_001392.jpg,1272,1438,1392,"C walks into a construction site, passing by a pile of construction materials and tools. They notice a green figure hanging on the wall and continue moving through the area, which is cluttered with various construction supplies. C then approaches a bucket of cement, preparing to use it for the next task.",5007,497
output/frames/5007/img_002143.jpg,2143,2349,2143,C picks up a bag of cement and pours it into a bowl. C then uses a trowel to mix the cement with water. C continues to mix the cement in the bowl.,5007,497
output/frames/5007/img_002263.jpg,2143,2349,2263,C picks up a bag of cement and pours it into a bowl. C then uses a trowel to mix the cement with water. C continues to mix the cement in the bowl.,5007,497
output/frames/5007/img_002810.jpg,2810,2980,2810,"C picks up a bag of cement and begins to mix it with water in a bowl. C then uses a trowel to spread the mixture evenly. C continues to mix the cement, ensuring it is well combined.",5007,497
output/frames/5007/img_002981.jpg,2981,3404,2981,"C scoops cement from a sack with their hands and pours it into a basin filled with water. They mix the cement thoroughly with their hands, ensuring it is well combined. C then transfers the mixed cement to a smaller container, preparing it for use.",5007,497
output/frames/5007/img_003221.jpg,2981,3404,3221,"C scoops cement from a sack with their hands and pours it into a basin filled with water. They mix the cement thoroughly with their hands, ensuring it is well combined. C then transfers the mixed cement to a smaller container, preparing it for use.",5007,497
output/frames/5007/img_003405.jpg,3405,3572,3405,"C picks up a bag of cement and begins to pour it into a bowl. C then uses their hands to mix the cement with water, ensuring it is well combined. As they mix, C continues to work with the cement, gradually preparing it for use.",5007,497
output/frames/5007/img_003573.jpg,3573,3873,3573,C scoops cement from a sack with their hands and places it into a basin. They then move the basin to a different location and continue to mix the cement. C stands up and looks around the construction site.,5007,497
output/frames/5007/img_003583.jpg,3573,3873,3583,C scoops cement from a sack with their hands and places it into a basin. They then move the basin to a different location and continue to mix the cement. C stands up and looks around the construction site.,5007,497
output/frames/5007/img_003593.jpg,3573,3873,3593,C scoops cement from a sack with their hands and places it into a basin. They then move the basin to a different location and continue to mix the cement. C stands up and looks around the construction site.,5007,497
output/frames/5007/img_003603.jpg,3573,3873,3603,C scoops cement from a sack with their hands and places it into a basin. They then move the basin to a different location and continue to mix the cement. C stands up and looks around the construction site.,5007,497
output/frames/5007/img_003613.jpg,3573,3873,3613,C scoops cement from a sack with their hands and places it into a basin. They then move the basin to a different location and continue to mix the cement. C stands up and looks around the construction site.,5007,497
output/frames/5007/img_003623.jpg,3573,3873,3623,C scoops cement from a sack with their hands and places it into a basin. They then move the basin to a different location and continue to mix the cement. C stands up and looks around the construction site.,5007,497
output/frames/5007/img_003633.jpg,3573,3873,3633,C scoops cement from a sack with their hands and places it into a basin. They then move the basin to a different location and continue to mix the cement. C stands up and looks around the construction site.,5007,497
output/frames/5007/img_003643.jpg,3573,3873,3643,C scoops cement from a sack with their hands and places it into a basin. They then move the basin to a different location and continue to mix the cement. C stands up and looks around the construction site.,5007,497
output/frames/5007/img_003653.jpg,3573,3873,3653,C scoops cement from a sack with their hands and places it into a basin. They then move the basin to a different location and continue to mix the cement. C stands up and looks around the construction site.,5007,497
output/frames/5007/img_003663.jpg,3573,3873,3663,C scoops cement from a sack with their hands and places it into a basin. They then move the basin to a different location and continue to mix the cement. C stands up and looks around the construction site.,5007,497
output/frames/5007/img_003673.jpg,3573,3873,3673,C scoops cement from a sack with their hands and places it into a basin. They then move the basin to a different location and continue to mix the cement. C stands up and looks around the construction site.,5007,497
output/frames/5007/img_003683.jpg,3573,3873,3683,C scoops cement from a sack with their hands and places it into a basin. They then move the basin to a different location and continue to mix the cement. C stands up and looks around the construction site.,5007,497
output/frames/5007/img_003693.jpg,3573,3873,3693,C scoops cement from a sack with their hands and places it into a basin. They then move the basin to a different location and continue to mix the cement. C stands up and looks around the construction site.,5007,497
output/frames/5007/img_003703.jpg,3573,3873,3703,C scoops cement from a sack with their hands and places it into a basin. They then move the basin to a different location and continue to mix the cement. C stands up and looks around the construction site.,5007,497
output/frames/5007/img_003713.jpg,3573,3873,3713,C scoops cement from a sack with their hands and places it into a basin. They then move the basin to a different location and continue to mix the cement. C stands up and looks around the construction site.,5007,497
output/frames/5007/img_003723.jpg,3573,3873,3723,C scoops cement from a sack with their hands and places it into a basin. They then move the basin to a different location and continue to mix the cement. C stands up and looks around the construction site.,5007,497
output/frames/5007/img_003733.jpg,3573,3873,3733,C scoops cement from a sack with their hands and places it into a basin. They then move the basin to a different location and continue to mix the cement. C stands up and looks around the construction site.,5007,497
output/frames/5007/img_003743.jpg,3573,3873,3743,C scoops cement from a sack with their hands and places it into a basin. They then move the basin to a different location and continue to mix the cement. C stands up and looks around the construction site.,5007,497
output/frames/5007/img_003753.jpg,3573,3873,3753,C scoops cement from a sack with their hands and places it into a basin. They then move the basin to a different location and continue to mix the cement. C stands up and looks around the construction site.,5007,497
output/frames/5007/img_003763.jpg,3573,3873,3763,C scoops cement from a sack with their hands and places it into a basin. They then move the basin to a different location and continue to mix the cement. C stands up and looks around the construction site.,5007,497
output/frames/5007/img_003773.jpg,3573,3873,3773,C scoops cement from a sack with their hands and places it into a basin. They then move the basin to a different location and continue to mix the cement. C stands up and looks around the construction site.,5007,497
output/frames/5007/img_003783.jpg,3573,3873,3783,C scoops cement from a sack with their hands and places it into a basin. They then move the basin to a different location and continue to mix the cement. C stands up and looks around the construction site.,5007,497
output/frames/5007/img_003793.jpg,3573,3873,3793,C scoops cement from a sack with their hands and places it into a basin. They then move the basin to a different location and continue to mix the cement. C stands up and looks around the construction site.,5007,497
output/frames/5007/img_003803.jpg,3573,3873,3803,C scoops cement from a sack with their hands and places it into a basin. They then move the basin to a different location and continue to mix the cement. C stands up and looks around the construction site.,5007,497
output/frames/5007/img_003813.jpg,3573,3873,3813,C scoops cement from a sack with their hands and places it into a basin. They then move the basin to a different location and continue to mix the cement. C stands up and looks around the construction site.,5007,497
output/frames/5007/img_003823.jpg,3573,3873,3823,C scoops cement from a sack with their hands and places it into a basin. They then move the basin to a different location and continue to mix the cement. C stands up and looks around the construction site.,5007,497
output/frames/5007/img_003833.jpg,3573,3873,3833,C scoops cement from a sack with their hands and places it into a basin. They then move the basin to a different location and continue to mix the cement. C stands up and looks around the construction site.,5007,497
output/frames/5007/img_003843.jpg,3573,3873,3843,C scoops cement from a sack with their hands and places it into a basin. They then move the basin to a different location and continue to mix the cement. C stands up and looks around the construction site.,5007,497
output/frames/5007/img_003853.jpg,3573,3873,3853,C scoops cement from a sack with their hands and places it into a basin. They then move the basin to a different location and continue to mix the cement. C stands up and looks around the construction site.,5007,497
output/frames/5007/img_003863.jpg,3573,3873,3863,C scoops cement from a sack with their hands and places it into a basin. They then move the basin to a different location and continue to mix the cement. C stands up and looks around the construction site.,5007,497
output/frames/5007/img_003873.jpg,3573,3873,3873,C scoops cement from a sack with their hands and places it into a basin. They then move the basin to a different location and continue to mix the cement. C stands up and looks around the construction site.,5007,497
output/frames/5007/img_003874.jpg,3874,4211,3874,"C walks up the stairs of a construction site, passing by a pile of bricks and construction materials. As C approaches the lower level, they notice a green cloth hanging on the wall and a bucket filled with water. C then moves towards a pile of cement bags and a blue cup, preparing to mix cement.",5007,497
output/frames/5007/img_004114.jpg,3874,4211,4114,"C walks up the stairs of a construction site, passing by a pile of bricks and construction materials. As C approaches the lower level, they notice a green cloth hanging on the wall and a bucket filled with water. C then moves towards a pile of cement bags and a blue cup, preparing to mix cement.",5007,497
output/frames/5007/img_004212.jpg,4212,4640,4212,"C uses a trowel to mix cement in a bowl, then reaches for a bag of cement and scoops some out.",5007,497
output/frames/5007/img_004332.jpg,4212,4640,4332,"C uses a trowel to mix cement in a bowl, then reaches for a bag of cement and scoops some out.",5007,497
output/frames/5007/img_004452.jpg,4212,4640,4452,"C uses a trowel to mix cement in a bowl, then reaches for a bag of cement and scoops some out.",5007,497
output/frames/5007/img_004572.jpg,4212,4640,4572,"C uses a trowel to mix cement in a bowl, then reaches for a bag of cement and scoops some out.",5007,497
output/frames/5007/img_004949.jpg,4949,5167,4949,"C looks down from a high vantage point on a construction site, surveying the area below. The camera pans across the scaffolding and the surrounding environment, showing a road and some buildings in the distance. C then turns and walks down the stairs, continuing to explore the site.",5007,497
output/frames/5007/img_005069.jpg,4949,5167,5069,"C looks down from a high vantage point on a construction site, surveying the area below. The camera pans across the scaffolding and the surrounding environment, showing a road and some buildings in the distance. C then turns and walks down the stairs, continuing to explore the site.",5007,497
output/frames/5007/img_005168.jpg,5168,5399,5168,"C climbs up a set of concrete stairs, the sunlight casting long shadows on the steps. As C ascends, they pass by a stack of bricks and a concrete wall, the concrete wall providing a backdrop to the construction site. C continues to climb, the camera capturing the rough texture of the concrete and the surrounding environment.",5007,497
output/frames/5009/img_000000.jpg,0,249,0,"C walks into the kitchen, where they are preparing food. They open a package of butter and place it on the counter. C then turns to the sink, where they are washing their hands.",5009,498
output/frames/5009/img_000240.jpg,0,249,240,"C walks into the kitchen, where they are preparing food. They open a package of butter and place it on the counter. C then turns to the sink, where they are washing their hands.",5009,498
output/frames/5009/img_000250.jpg,250,499,250,"C unwraps a block of butter and places it on the counter. C then uses a knife to cut the butter into smaller pieces. C continues to cut the butter, placing each piece on the counter.",5009,498
output/frames/5009/img_000490.jpg,250,499,490,"C unwraps a block of butter and places it on the counter. C then uses a knife to cut the butter into smaller pieces. C continues to cut the butter, placing each piece on the counter.",5009,498
output/frames/5009/img_000500.jpg,500,698,500,"C holds a knife and a stick of butter, preparing to cut the butter. C places the butter on the counter, then uses the knife to cut it into smaller pieces. C then moves the butter to the side, placing it in a bowl.",5009,498
output/frames/5009/img_000620.jpg,500,698,620,"C holds a knife and a stick of butter, preparing to cut the butter. C places the butter on the counter, then uses the knife to cut it into smaller pieces. C then moves the butter to the side, placing it in a bowl.",5009,498
output/frames/5009/img_000699.jpg,699,1088,699,C places a stick of butter on the counter and begins to cut it with a knife. C then transfers the butter to a glass dish. C continues to cut the butter into smaller pieces.,5009,498
output/frames/5009/img_000819.jpg,699,1088,819,C places a stick of butter on the counter and begins to cut it with a knife. C then transfers the butter to a glass dish. C continues to cut the butter into smaller pieces.,5009,498
output/frames/5009/img_000939.jpg,699,1088,939,C places a stick of butter on the counter and begins to cut it with a knife. C then transfers the butter to a glass dish. C continues to cut the butter into smaller pieces.,5009,498
output/frames/5009/img_001059.jpg,699,1088,1059,C places a stick of butter on the counter and begins to cut it with a knife. C then transfers the butter to a glass dish. C continues to cut the butter into smaller pieces.,5009,498
output/frames/5009/img_001089.jpg,1089,1249,1089,C places a yellow bowl on the counter and begins to cut butter with a knife. C then picks up the butter and places it on the counter. C continues to cut the butter with the knife.,5009,498
output/frames/5009/img_001149.jpg,1089,1249,1149,C places a yellow bowl on the counter and begins to cut butter with a knife. C then picks up the butter and places it on the counter. C continues to cut the butter with the knife.,5009,498
output/frames/5009/img_001209.jpg,1089,1249,1209,C places a yellow bowl on the counter and begins to cut butter with a knife. C then picks up the butter and places it on the counter. C continues to cut the butter with the knife.,5009,498
output/frames/5009/img_001250.jpg,1250,1722,1250,"C cuts butter with a knife and places it in a yellow bowl. C then walks to the refrigerator and opens it, retrieving a container. C walks back to the kitchen counter and places the container on the counter.",5009,498
output/frames/5009/img_001370.jpg,1250,1722,1370,"C cuts butter with a knife and places it in a yellow bowl. C then walks to the refrigerator and opens it, retrieving a container. C walks back to the kitchen counter and places the container on the counter.",5009,498
output/frames/5009/img_001490.jpg,1250,1722,1490,"C cuts butter with a knife and places it in a yellow bowl. C then walks to the refrigerator and opens it, retrieving a container. C walks back to the kitchen counter and places the container on the counter.",5009,498
output/frames/5009/img_001610.jpg,1250,1722,1610,"C cuts butter with a knife and places it in a yellow bowl. C then walks to the refrigerator and opens it, retrieving a container. C walks back to the kitchen counter and places the container on the counter.",5009,498
output/frames/5009/img_001723.jpg,1723,2021,1723,C opens a cardboard box and takes out a blue plastic bag and a white plastic bag. C places the plastic bags on the floor.,5009,498
output/frames/5009/img_001725.jpg,1723,2021,1725,C opens a cardboard box and takes out a blue plastic bag and a white plastic bag. C places the plastic bags on the floor.,5009,498
output/frames/5009/img_001727.jpg,1723,2021,1727,C opens a cardboard box and takes out a blue plastic bag and a white plastic bag. C places the plastic bags on the floor.,5009,498
output/frames/5009/img_001729.jpg,1723,2021,1729,C opens a cardboard box and takes out a blue plastic bag and a white plastic bag. C places the plastic bags on the floor.,5009,498
output/frames/5009/img_001731.jpg,1723,2021,1731,C opens a cardboard box and takes out a blue plastic bag and a white plastic bag. C places the plastic bags on the floor.,5009,498
output/frames/5009/img_001733.jpg,1723,2021,1733,C opens a cardboard box and takes out a blue plastic bag and a white plastic bag. C places the plastic bags on the floor.,5009,498
output/frames/5009/img_001735.jpg,1723,2021,1735,C opens a cardboard box and takes out a blue plastic bag and a white plastic bag. C places the plastic bags on the floor.,5009,498
output/frames/5009/img_001737.jpg,1723,2021,1737,C opens a cardboard box and takes out a blue plastic bag and a white plastic bag. C places the plastic bags on the floor.,5009,498
output/frames/5009/img_001739.jpg,1723,2021,1739,C opens a cardboard box and takes out a blue plastic bag and a white plastic bag. C places the plastic bags on the floor.,5009,498
output/frames/5009/img_001741.jpg,1723,2021,1741,C opens a cardboard box and takes out a blue plastic bag and a white plastic bag. C places the plastic bags on the floor.,5009,498
output/frames/5009/img_001743.jpg,1723,2021,1743,C opens a cardboard box and takes out a blue plastic bag and a white plastic bag. C places the plastic bags on the floor.,5009,498
output/frames/5009/img_001745.jpg,1723,2021,1745,C opens a cardboard box and takes out a blue plastic bag and a white plastic bag. C places the plastic bags on the floor.,5009,498
output/frames/5009/img_001747.jpg,1723,2021,1747,C opens a cardboard box and takes out a blue plastic bag and a white plastic bag. C places the plastic bags on the floor.,5009,498
output/frames/5009/img_001749.jpg,1723,2021,1749,C opens a cardboard box and takes out a blue plastic bag and a white plastic bag. C places the plastic bags on the floor.,5009,498
output/frames/5009/img_001751.jpg,1723,2021,1751,C opens a cardboard box and takes out a blue plastic bag and a white plastic bag. C places the plastic bags on the floor.,5009,498
output/frames/5009/img_001753.jpg,1723,2021,1753,C opens a cardboard box and takes out a blue plastic bag and a white plastic bag. C places the plastic bags on the floor.,5009,498
output/frames/5009/img_001755.jpg,1723,2021,1755,C opens a cardboard box and takes out a blue plastic bag and a white plastic bag. C places the plastic bags on the floor.,5009,498
output/frames/5009/img_001757.jpg,1723,2021,1757,C opens a cardboard box and takes out a blue plastic bag and a white plastic bag. C places the plastic bags on the floor.,5009,498
output/frames/5009/img_001759.jpg,1723,2021,1759,C opens a cardboard box and takes out a blue plastic bag and a white plastic bag. C places the plastic bags on the floor.,5009,498
output/frames/5009/img_001761.jpg,1723,2021,1761,C opens a cardboard box and takes out a blue plastic bag and a white plastic bag. C places the plastic bags on the floor.,5009,498
output/frames/5009/img_001763.jpg,1723,2021,1763,C opens a cardboard box and takes out a blue plastic bag and a white plastic bag. C places the plastic bags on the floor.,5009,498
output/frames/5009/img_001765.jpg,1723,2021,1765,C opens a cardboard box and takes out a blue plastic bag and a white plastic bag. C places the plastic bags on the floor.,5009,498
output/frames/5009/img_001767.jpg,1723,2021,1767,C opens a cardboard box and takes out a blue plastic bag and a white plastic bag. C places the plastic bags on the floor.,5009,498
output/frames/5009/img_001769.jpg,1723,2021,1769,C opens a cardboard box and takes out a blue plastic bag and a white plastic bag. C places the plastic bags on the floor.,5009,498
output/frames/5009/img_001771.jpg,1723,2021,1771,C opens a cardboard box and takes out a blue plastic bag and a white plastic bag. C places the plastic bags on the floor.,5009,498
output/frames/5009/img_001773.jpg,1723,2021,1773,C opens a cardboard box and takes out a blue plastic bag and a white plastic bag. C places the plastic bags on the floor.,5009,498
output/frames/5009/img_001775.jpg,1723,2021,1775,C opens a cardboard box and takes out a blue plastic bag and a white plastic bag. C places the plastic bags on the floor.,5009,498
output/frames/5009/img_001777.jpg,1723,2021,1777,C opens a cardboard box and takes out a blue plastic bag and a white plastic bag. C places the plastic bags on the floor.,5009,498
output/frames/5009/img_001779.jpg,1723,2021,1779,C opens a cardboard box and takes out a blue plastic bag and a white plastic bag. C places the plastic bags on the floor.,5009,498
output/frames/5009/img_001781.jpg,1723,2021,1781,C opens a cardboard box and takes out a blue plastic bag and a white plastic bag. C places the plastic bags on the floor.,5009,498
output/frames/5009/img_001783.jpg,1723,2021,1783,C opens a cardboard box and takes out a blue plastic bag and a white plastic bag. C places the plastic bags on the floor.,5009,498
output/frames/5009/img_001785.jpg,1723,2021,1785,C opens a cardboard box and takes out a blue plastic bag and a white plastic bag. C places the plastic bags on the floor.,5009,498
output/frames/5009/img_001787.jpg,1723,2021,1787,C opens a cardboard box and takes out a blue plastic bag and a white plastic bag. C places the plastic bags on the floor.,5009,498
output/frames/5009/img_001789.jpg,1723,2021,1789,C opens a cardboard box and takes out a blue plastic bag and a white plastic bag. C places the plastic bags on the floor.,5009,498
output/frames/5009/img_001791.jpg,1723,2021,1791,C opens a cardboard box and takes out a blue plastic bag and a white plastic bag. C places the plastic bags on the floor.,5009,498
output/frames/5009/img_001793.jpg,1723,2021,1793,C opens a cardboard box and takes out a blue plastic bag and a white plastic bag. C places the plastic bags on the floor.,5009,498
output/frames/5009/img_001795.jpg,1723,2021,1795,C opens a cardboard box and takes out a blue plastic bag and a white plastic bag. C places the plastic bags on the floor.,5009,498
output/frames/5009/img_001797.jpg,1723,2021,1797,C opens a cardboard box and takes out a blue plastic bag and a white plastic bag. C places the plastic bags on the floor.,5009,498
output/frames/5009/img_001799.jpg,1723,2021,1799,C opens a cardboard box and takes out a blue plastic bag and a white plastic bag. C places the plastic bags on the floor.,5009,498
output/frames/5009/img_001801.jpg,1723,2021,1801,C opens a cardboard box and takes out a blue plastic bag and a white plastic bag. C places the plastic bags on the floor.,5009,498
output/frames/5009/img_001803.jpg,1723,2021,1803,C opens a cardboard box and takes out a blue plastic bag and a white plastic bag. C places the plastic bags on the floor.,5009,498
output/frames/5009/img_001805.jpg,1723,2021,1805,C opens a cardboard box and takes out a blue plastic bag and a white plastic bag. C places the plastic bags on the floor.,5009,498
output/frames/5009/img_001807.jpg,1723,2021,1807,C opens a cardboard box and takes out a blue plastic bag and a white plastic bag. C places the plastic bags on the floor.,5009,498
output/frames/5009/img_001809.jpg,1723,2021,1809,C opens a cardboard box and takes out a blue plastic bag and a white plastic bag. C places the plastic bags on the floor.,5009,498
output/frames/5009/img_001811.jpg,1723,2021,1811,C opens a cardboard box and takes out a blue plastic bag and a white plastic bag. C places the plastic bags on the floor.,5009,498
output/frames/5009/img_001813.jpg,1723,2021,1813,C opens a cardboard box and takes out a blue plastic bag and a white plastic bag. C places the plastic bags on the floor.,5009,498
output/frames/5009/img_001815.jpg,1723,2021,1815,C opens a cardboard box and takes out a blue plastic bag and a white plastic bag. C places the plastic bags on the floor.,5009,498
output/frames/5009/img_001817.jpg,1723,2021,1817,C opens a cardboard box and takes out a blue plastic bag and a white plastic bag. C places the plastic bags on the floor.,5009,498
output/frames/5009/img_001819.jpg,1723,2021,1819,C opens a cardboard box and takes out a blue plastic bag and a white plastic bag. C places the plastic bags on the floor.,5009,498
output/frames/5009/img_001821.jpg,1723,2021,1821,C opens a cardboard box and takes out a blue plastic bag and a white plastic bag. C places the plastic bags on the floor.,5009,498
output/frames/5009/img_001823.jpg,1723,2021,1823,C opens a cardboard box and takes out a blue plastic bag and a white plastic bag. C places the plastic bags on the floor.,5009,498
output/frames/5009/img_001825.jpg,1723,2021,1825,C opens a cardboard box and takes out a blue plastic bag and a white plastic bag. C places the plastic bags on the floor.,5009,498
output/frames/5009/img_001827.jpg,1723,2021,1827,C opens a cardboard box and takes out a blue plastic bag and a white plastic bag. C places the plastic bags on the floor.,5009,498
output/frames/5009/img_001829.jpg,1723,2021,1829,C opens a cardboard box and takes out a blue plastic bag and a white plastic bag. C places the plastic bags on the floor.,5009,498
output/frames/5009/img_001831.jpg,1723,2021,1831,C opens a cardboard box and takes out a blue plastic bag and a white plastic bag. C places the plastic bags on the floor.,5009,498
output/frames/5009/img_001833.jpg,1723,2021,1833,C opens a cardboard box and takes out a blue plastic bag and a white plastic bag. C places the plastic bags on the floor.,5009,498
output/frames/5009/img_001835.jpg,1723,2021,1835,C opens a cardboard box and takes out a blue plastic bag and a white plastic bag. C places the plastic bags on the floor.,5009,498
output/frames/5009/img_001837.jpg,1723,2021,1837,C opens a cardboard box and takes out a blue plastic bag and a white plastic bag. C places the plastic bags on the floor.,5009,498
output/frames/5009/img_001839.jpg,1723,2021,1839,C opens a cardboard box and takes out a blue plastic bag and a white plastic bag. C places the plastic bags on the floor.,5009,498
output/frames/5009/img_001841.jpg,1723,2021,1841,C opens a cardboard box and takes out a blue plastic bag and a white plastic bag. C places the plastic bags on the floor.,5009,498
output/frames/5009/img_001843.jpg,1723,2021,1843,C opens a cardboard box and takes out a blue plastic bag and a white plastic bag. C places the plastic bags on the floor.,5009,498
output/frames/5009/img_001845.jpg,1723,2021,1845,C opens a cardboard box and takes out a blue plastic bag and a white plastic bag. C places the plastic bags on the floor.,5009,498
output/frames/5009/img_001847.jpg,1723,2021,1847,C opens a cardboard box and takes out a blue plastic bag and a white plastic bag. C places the plastic bags on the floor.,5009,498
output/frames/5009/img_001849.jpg,1723,2021,1849,C opens a cardboard box and takes out a blue plastic bag and a white plastic bag. C places the plastic bags on the floor.,5009,498
output/frames/5009/img_001851.jpg,1723,2021,1851,C opens a cardboard box and takes out a blue plastic bag and a white plastic bag. C places the plastic bags on the floor.,5009,498
output/frames/5009/img_001853.jpg,1723,2021,1853,C opens a cardboard box and takes out a blue plastic bag and a white plastic bag. C places the plastic bags on the floor.,5009,498
output/frames/5009/img_001855.jpg,1723,2021,1855,C opens a cardboard box and takes out a blue plastic bag and a white plastic bag. C places the plastic bags on the floor.,5009,498
output/frames/5009/img_001857.jpg,1723,2021,1857,C opens a cardboard box and takes out a blue plastic bag and a white plastic bag. C places the plastic bags on the floor.,5009,498
output/frames/5009/img_001859.jpg,1723,2021,1859,C opens a cardboard box and takes out a blue plastic bag and a white plastic bag. C places the plastic bags on the floor.,5009,498
output/frames/5009/img_001861.jpg,1723,2021,1861,C opens a cardboard box and takes out a blue plastic bag and a white plastic bag. C places the plastic bags on the floor.,5009,498
output/frames/5009/img_001863.jpg,1723,2021,1863,C opens a cardboard box and takes out a blue plastic bag and a white plastic bag. C places the plastic bags on the floor.,5009,498
output/frames/5009/img_001865.jpg,1723,2021,1865,C opens a cardboard box and takes out a blue plastic bag and a white plastic bag. C places the plastic bags on the floor.,5009,498
output/frames/5009/img_001867.jpg,1723,2021,1867,C opens a cardboard box and takes out a blue plastic bag and a white plastic bag. C places the plastic bags on the floor.,5009,498
output/frames/5009/img_001869.jpg,1723,2021,1869,C opens a cardboard box and takes out a blue plastic bag and a white plastic bag. C places the plastic bags on the floor.,5009,498
output/frames/5009/img_001871.jpg,1723,2021,1871,C opens a cardboard box and takes out a blue plastic bag and a white plastic bag. C places the plastic bags on the floor.,5009,498
output/frames/5009/img_001873.jpg,1723,2021,1873,C opens a cardboard box and takes out a blue plastic bag and a white plastic bag. C places the plastic bags on the floor.,5009,498
output/frames/5009/img_001875.jpg,1723,2021,1875,C opens a cardboard box and takes out a blue plastic bag and a white plastic bag. C places the plastic bags on the floor.,5009,498
output/frames/5009/img_001877.jpg,1723,2021,1877,C opens a cardboard box and takes out a blue plastic bag and a white plastic bag. C places the plastic bags on the floor.,5009,498
output/frames/5009/img_001879.jpg,1723,2021,1879,C opens a cardboard box and takes out a blue plastic bag and a white plastic bag. C places the plastic bags on the floor.,5009,498
output/frames/5009/img_001881.jpg,1723,2021,1881,C opens a cardboard box and takes out a blue plastic bag and a white plastic bag. C places the plastic bags on the floor.,5009,498
output/frames/5009/img_001883.jpg,1723,2021,1883,C opens a cardboard box and takes out a blue plastic bag and a white plastic bag. C places the plastic bags on the floor.,5009,498
output/frames/5009/img_001885.jpg,1723,2021,1885,C opens a cardboard box and takes out a blue plastic bag and a white plastic bag. C places the plastic bags on the floor.,5009,498
output/frames/5009/img_001887.jpg,1723,2021,1887,C opens a cardboard box and takes out a blue plastic bag and a white plastic bag. C places the plastic bags on the floor.,5009,498
output/frames/5009/img_001889.jpg,1723,2021,1889,C opens a cardboard box and takes out a blue plastic bag and a white plastic bag. C places the plastic bags on the floor.,5009,498
output/frames/5009/img_001891.jpg,1723,2021,1891,C opens a cardboard box and takes out a blue plastic bag and a white plastic bag. C places the plastic bags on the floor.,5009,498
output/frames/5009/img_001893.jpg,1723,2021,1893,C opens a cardboard box and takes out a blue plastic bag and a white plastic bag. C places the plastic bags on the floor.,5009,498
output/frames/5009/img_001895.jpg,1723,2021,1895,C opens a cardboard box and takes out a blue plastic bag and a white plastic bag. C places the plastic bags on the floor.,5009,498
output/frames/5009/img_001897.jpg,1723,2021,1897,C opens a cardboard box and takes out a blue plastic bag and a white plastic bag. C places the plastic bags on the floor.,5009,498
output/frames/5009/img_001899.jpg,1723,2021,1899,C opens a cardboard box and takes out a blue plastic bag and a white plastic bag. C places the plastic bags on the floor.,5009,498
output/frames/5009/img_001901.jpg,1723,2021,1901,C opens a cardboard box and takes out a blue plastic bag and a white plastic bag. C places the plastic bags on the floor.,5009,498
output/frames/5009/img_001903.jpg,1723,2021,1903,C opens a cardboard box and takes out a blue plastic bag and a white plastic bag. C places the plastic bags on the floor.,5009,498
output/frames/5009/img_001905.jpg,1723,2021,1905,C opens a cardboard box and takes out a blue plastic bag and a white plastic bag. C places the plastic bags on the floor.,5009,498
output/frames/5009/img_001907.jpg,1723,2021,1907,C opens a cardboard box and takes out a blue plastic bag and a white plastic bag. C places the plastic bags on the floor.,5009,498
output/frames/5009/img_001909.jpg,1723,2021,1909,C opens a cardboard box and takes out a blue plastic bag and a white plastic bag. C places the plastic bags on the floor.,5009,498
output/frames/5009/img_001911.jpg,1723,2021,1911,C opens a cardboard box and takes out a blue plastic bag and a white plastic bag. C places the plastic bags on the floor.,5009,498
output/frames/5009/img_001913.jpg,1723,2021,1913,C opens a cardboard box and takes out a blue plastic bag and a white plastic bag. C places the plastic bags on the floor.,5009,498
output/frames/5009/img_001915.jpg,1723,2021,1915,C opens a cardboard box and takes out a blue plastic bag and a white plastic bag. C places the plastic bags on the floor.,5009,498
output/frames/5009/img_001917.jpg,1723,2021,1917,C opens a cardboard box and takes out a blue plastic bag and a white plastic bag. C places the plastic bags on the floor.,5009,498
output/frames/5009/img_001919.jpg,1723,2021,1919,C opens a cardboard box and takes out a blue plastic bag and a white plastic bag. C places the plastic bags on the floor.,5009,498
output/frames/5009/img_001921.jpg,1723,2021,1921,C opens a cardboard box and takes out a blue plastic bag and a white plastic bag. C places the plastic bags on the floor.,5009,498
output/frames/5009/img_001923.jpg,1723,2021,1923,C opens a cardboard box and takes out a blue plastic bag and a white plastic bag. C places the plastic bags on the floor.,5009,498
output/frames/5009/img_001925.jpg,1723,2021,1925,C opens a cardboard box and takes out a blue plastic bag and a white plastic bag. C places the plastic bags on the floor.,5009,498
output/frames/5009/img_001927.jpg,1723,2021,1927,C opens a cardboard box and takes out a blue plastic bag and a white plastic bag. C places the plastic bags on the floor.,5009,498
output/frames/5009/img_001929.jpg,1723,2021,1929,C opens a cardboard box and takes out a blue plastic bag and a white plastic bag. C places the plastic bags on the floor.,5009,498
output/frames/5009/img_001931.jpg,1723,2021,1931,C opens a cardboard box and takes out a blue plastic bag and a white plastic bag. C places the plastic bags on the floor.,5009,498
output/frames/5009/img_001933.jpg,1723,2021,1933,C opens a cardboard box and takes out a blue plastic bag and a white plastic bag. C places the plastic bags on the floor.,5009,498
output/frames/5009/img_001935.jpg,1723,2021,1935,C opens a cardboard box and takes out a blue plastic bag and a white plastic bag. C places the plastic bags on the floor.,5009,498
output/frames/5009/img_001937.jpg,1723,2021,1937,C opens a cardboard box and takes out a blue plastic bag and a white plastic bag. C places the plastic bags on the floor.,5009,498
output/frames/5009/img_001939.jpg,1723,2021,1939,C opens a cardboard box and takes out a blue plastic bag and a white plastic bag. C places the plastic bags on the floor.,5009,498
output/frames/5009/img_001941.jpg,1723,2021,1941,C opens a cardboard box and takes out a blue plastic bag and a white plastic bag. C places the plastic bags on the floor.,5009,498
output/frames/5009/img_001943.jpg,1723,2021,1943,C opens a cardboard box and takes out a blue plastic bag and a white plastic bag. C places the plastic bags on the floor.,5009,498
output/frames/5009/img_001945.jpg,1723,2021,1945,C opens a cardboard box and takes out a blue plastic bag and a white plastic bag. C places the plastic bags on the floor.,5009,498
output/frames/5009/img_001947.jpg,1723,2021,1947,C opens a cardboard box and takes out a blue plastic bag and a white plastic bag. C places the plastic bags on the floor.,5009,498
output/frames/5009/img_001949.jpg,1723,2021,1949,C opens a cardboard box and takes out a blue plastic bag and a white plastic bag. C places the plastic bags on the floor.,5009,498
output/frames/5009/img_001951.jpg,1723,2021,1951,C opens a cardboard box and takes out a blue plastic bag and a white plastic bag. C places the plastic bags on the floor.,5009,498
output/frames/5009/img_001953.jpg,1723,2021,1953,C opens a cardboard box and takes out a blue plastic bag and a white plastic bag. C places the plastic bags on the floor.,5009,498
output/frames/5009/img_001955.jpg,1723,2021,1955,C opens a cardboard box and takes out a blue plastic bag and a white plastic bag. C places the plastic bags on the floor.,5009,498
output/frames/5009/img_001957.jpg,1723,2021,1957,C opens a cardboard box and takes out a blue plastic bag and a white plastic bag. C places the plastic bags on the floor.,5009,498
output/frames/5009/img_001959.jpg,1723,2021,1959,C opens a cardboard box and takes out a blue plastic bag and a white plastic bag. C places the plastic bags on the floor.,5009,498
output/frames/5009/img_001961.jpg,1723,2021,1961,C opens a cardboard box and takes out a blue plastic bag and a white plastic bag. C places the plastic bags on the floor.,5009,498
output/frames/5009/img_001963.jpg,1723,2021,1963,C opens a cardboard box and takes out a blue plastic bag and a white plastic bag. C places the plastic bags on the floor.,5009,498
output/frames/5009/img_001965.jpg,1723,2021,1965,C opens a cardboard box and takes out a blue plastic bag and a white plastic bag. C places the plastic bags on the floor.,5009,498
output/frames/5009/img_001967.jpg,1723,2021,1967,C opens a cardboard box and takes out a blue plastic bag and a white plastic bag. C places the plastic bags on the floor.,5009,498
output/frames/5009/img_001969.jpg,1723,2021,1969,C opens a cardboard box and takes out a blue plastic bag and a white plastic bag. C places the plastic bags on the floor.,5009,498
output/frames/5009/img_001971.jpg,1723,2021,1971,C opens a cardboard box and takes out a blue plastic bag and a white plastic bag. C places the plastic bags on the floor.,5009,498
output/frames/5009/img_001973.jpg,1723,2021,1973,C opens a cardboard box and takes out a blue plastic bag and a white plastic bag. C places the plastic bags on the floor.,5009,498
output/frames/5009/img_001975.jpg,1723,2021,1975,C opens a cardboard box and takes out a blue plastic bag and a white plastic bag. C places the plastic bags on the floor.,5009,498
output/frames/5009/img_001977.jpg,1723,2021,1977,C opens a cardboard box and takes out a blue plastic bag and a white plastic bag. C places the plastic bags on the floor.,5009,498
output/frames/5009/img_001979.jpg,1723,2021,1979,C opens a cardboard box and takes out a blue plastic bag and a white plastic bag. C places the plastic bags on the floor.,5009,498
output/frames/5009/img_001981.jpg,1723,2021,1981,C opens a cardboard box and takes out a blue plastic bag and a white plastic bag. C places the plastic bags on the floor.,5009,498
output/frames/5009/img_001983.jpg,1723,2021,1983,C opens a cardboard box and takes out a blue plastic bag and a white plastic bag. C places the plastic bags on the floor.,5009,498
output/frames/5009/img_001985.jpg,1723,2021,1985,C opens a cardboard box and takes out a blue plastic bag and a white plastic bag. C places the plastic bags on the floor.,5009,498
output/frames/5009/img_001987.jpg,1723,2021,1987,C opens a cardboard box and takes out a blue plastic bag and a white plastic bag. C places the plastic bags on the floor.,5009,498
output/frames/5009/img_001989.jpg,1723,2021,1989,C opens a cardboard box and takes out a blue plastic bag and a white plastic bag. C places the plastic bags on the floor.,5009,498
output/frames/5009/img_001991.jpg,1723,2021,1991,C opens a cardboard box and takes out a blue plastic bag and a white plastic bag. C places the plastic bags on the floor.,5009,498
output/frames/5009/img_001993.jpg,1723,2021,1993,C opens a cardboard box and takes out a blue plastic bag and a white plastic bag. C places the plastic bags on the floor.,5009,498
output/frames/5009/img_001995.jpg,1723,2021,1995,C opens a cardboard box and takes out a blue plastic bag and a white plastic bag. C places the plastic bags on the floor.,5009,498
output/frames/5009/img_001997.jpg,1723,2021,1997,C opens a cardboard box and takes out a blue plastic bag and a white plastic bag. C places the plastic bags on the floor.,5009,498
output/frames/5009/img_001999.jpg,1723,2021,1999,C opens a cardboard box and takes out a blue plastic bag and a white plastic bag. C places the plastic bags on the floor.,5009,498
output/frames/5009/img_002001.jpg,1723,2021,2001,C opens a cardboard box and takes out a blue plastic bag and a white plastic bag. C places the plastic bags on the floor.,5009,498
output/frames/5009/img_002003.jpg,1723,2021,2003,C opens a cardboard box and takes out a blue plastic bag and a white plastic bag. C places the plastic bags on the floor.,5009,498
output/frames/5009/img_002005.jpg,1723,2021,2005,C opens a cardboard box and takes out a blue plastic bag and a white plastic bag. C places the plastic bags on the floor.,5009,498
output/frames/5009/img_002007.jpg,1723,2021,2007,C opens a cardboard box and takes out a blue plastic bag and a white plastic bag. C places the plastic bags on the floor.,5009,498
output/frames/5009/img_002009.jpg,1723,2021,2009,C opens a cardboard box and takes out a blue plastic bag and a white plastic bag. C places the plastic bags on the floor.,5009,498
output/frames/5009/img_002011.jpg,1723,2021,2011,C opens a cardboard box and takes out a blue plastic bag and a white plastic bag. C places the plastic bags on the floor.,5009,498
output/frames/5009/img_002013.jpg,1723,2021,2013,C opens a cardboard box and takes out a blue plastic bag and a white plastic bag. C places the plastic bags on the floor.,5009,498
output/frames/5009/img_002015.jpg,1723,2021,2015,C opens a cardboard box and takes out a blue plastic bag and a white plastic bag. C places the plastic bags on the floor.,5009,498
output/frames/5009/img_002017.jpg,1723,2021,2017,C opens a cardboard box and takes out a blue plastic bag and a white plastic bag. C places the plastic bags on the floor.,5009,498
output/frames/5009/img_002019.jpg,1723,2021,2019,C opens a cardboard box and takes out a blue plastic bag and a white plastic bag. C places the plastic bags on the floor.,5009,498
output/frames/5009/img_002021.jpg,1723,2021,2021,C opens a cardboard box and takes out a blue plastic bag and a white plastic bag. C places the plastic bags on the floor.,5009,498
output/frames/5009/img_002022.jpg,2022,2529,2022,"C walks into the kitchen, where a yellow bowl with butter sits on the counter. C reaches for a blender and begins to prepare a drink, while the microwave and a pot of milk are visible on the stove.",5009,498
output/frames/5009/img_002142.jpg,2022,2529,2142,"C walks into the kitchen, where a yellow bowl with butter sits on the counter. C reaches for a blender and begins to prepare a drink, while the microwave and a pot of milk are visible on the stove.",5009,498
output/frames/5009/img_002262.jpg,2022,2529,2262,"C walks into the kitchen, where a yellow bowl with butter sits on the counter. C reaches for a blender and begins to prepare a drink, while the microwave and a pot of milk are visible on the stove.",5009,498
output/frames/5009/img_002382.jpg,2022,2529,2382,"C walks into the kitchen, where a yellow bowl with butter sits on the counter. C reaches for a blender and begins to prepare a drink, while the microwave and a pot of milk are visible on the stove.",5009,498
output/frames/5009/img_002502.jpg,2022,2529,2502,"C walks into the kitchen, where a yellow bowl with butter sits on the counter. C reaches for a blender and begins to prepare a drink, while the microwave and a pot of milk are visible on the stove.",5009,498
output/frames/5009/img_002530.jpg,2530,2684,2530,C opens a drawer and pulls out a knife. C places the knife on the counter. C then moves to the sink and turns on the faucet.,5009,498
output/frames/5009/img_002685.jpg,2685,2896,2685,"C picks up a whisk from the counter and begins to mix ingredients in a bowl. They then move to the stove, where they add more ingredients to a pot. C continues to stir the mixture, focusing on the cooking process.",5009,498
output/frames/5009/img_002688.jpg,2685,2896,2688,"C picks up a whisk from the counter and begins to mix ingredients in a bowl. They then move to the stove, where they add more ingredients to a pot. C continues to stir the mixture, focusing on the cooking process.",5009,498
output/frames/5009/img_002691.jpg,2685,2896,2691,"C picks up a whisk from the counter and begins to mix ingredients in a bowl. They then move to the stove, where they add more ingredients to a pot. C continues to stir the mixture, focusing on the cooking process.",5009,498
output/frames/5009/img_002694.jpg,2685,2896,2694,"C picks up a whisk from the counter and begins to mix ingredients in a bowl. They then move to the stove, where they add more ingredients to a pot. C continues to stir the mixture, focusing on the cooking process.",5009,498
output/frames/5009/img_002697.jpg,2685,2896,2697,"C picks up a whisk from the counter and begins to mix ingredients in a bowl. They then move to the stove, where they add more ingredients to a pot. C continues to stir the mixture, focusing on the cooking process.",5009,498
output/frames/5009/img_002700.jpg,2685,2896,2700,"C picks up a whisk from the counter and begins to mix ingredients in a bowl. They then move to the stove, where they add more ingredients to a pot. C continues to stir the mixture, focusing on the cooking process.",5009,498
output/frames/5009/img_002703.jpg,2685,2896,2703,"C picks up a whisk from the counter and begins to mix ingredients in a bowl. They then move to the stove, where they add more ingredients to a pot. C continues to stir the mixture, focusing on the cooking process.",5009,498
output/frames/5009/img_002706.jpg,2685,2896,2706,"C picks up a whisk from the counter and begins to mix ingredients in a bowl. They then move to the stove, where they add more ingredients to a pot. C continues to stir the mixture, focusing on the cooking process.",5009,498
output/frames/5009/img_002709.jpg,2685,2896,2709,"C picks up a whisk from the counter and begins to mix ingredients in a bowl. They then move to the stove, where they add more ingredients to a pot. C continues to stir the mixture, focusing on the cooking process.",5009,498
output/frames/5009/img_002712.jpg,2685,2896,2712,"C picks up a whisk from the counter and begins to mix ingredients in a bowl. They then move to the stove, where they add more ingredients to a pot. C continues to stir the mixture, focusing on the cooking process.",5009,498
output/frames/5009/img_002715.jpg,2685,2896,2715,"C picks up a whisk from the counter and begins to mix ingredients in a bowl. They then move to the stove, where they add more ingredients to a pot. C continues to stir the mixture, focusing on the cooking process.",5009,498
output/frames/5009/img_002718.jpg,2685,2896,2718,"C picks up a whisk from the counter and begins to mix ingredients in a bowl. They then move to the stove, where they add more ingredients to a pot. C continues to stir the mixture, focusing on the cooking process.",5009,498
output/frames/5009/img_002721.jpg,2685,2896,2721,"C picks up a whisk from the counter and begins to mix ingredients in a bowl. They then move to the stove, where they add more ingredients to a pot. C continues to stir the mixture, focusing on the cooking process.",5009,498
output/frames/5009/img_002724.jpg,2685,2896,2724,"C picks up a whisk from the counter and begins to mix ingredients in a bowl. They then move to the stove, where they add more ingredients to a pot. C continues to stir the mixture, focusing on the cooking process.",5009,498
output/frames/5009/img_002727.jpg,2685,2896,2727,"C picks up a whisk from the counter and begins to mix ingredients in a bowl. They then move to the stove, where they add more ingredients to a pot. C continues to stir the mixture, focusing on the cooking process.",5009,498
output/frames/5009/img_002730.jpg,2685,2896,2730,"C picks up a whisk from the counter and begins to mix ingredients in a bowl. They then move to the stove, where they add more ingredients to a pot. C continues to stir the mixture, focusing on the cooking process.",5009,498
output/frames/5009/img_002733.jpg,2685,2896,2733,"C picks up a whisk from the counter and begins to mix ingredients in a bowl. They then move to the stove, where they add more ingredients to a pot. C continues to stir the mixture, focusing on the cooking process.",5009,498
output/frames/5009/img_002736.jpg,2685,2896,2736,"C picks up a whisk from the counter and begins to mix ingredients in a bowl. They then move to the stove, where they add more ingredients to a pot. C continues to stir the mixture, focusing on the cooking process.",5009,498
output/frames/5009/img_002739.jpg,2685,2896,2739,"C picks up a whisk from the counter and begins to mix ingredients in a bowl. They then move to the stove, where they add more ingredients to a pot. C continues to stir the mixture, focusing on the cooking process.",5009,498
output/frames/5009/img_002742.jpg,2685,2896,2742,"C picks up a whisk from the counter and begins to mix ingredients in a bowl. They then move to the stove, where they add more ingredients to a pot. C continues to stir the mixture, focusing on the cooking process.",5009,498
output/frames/5009/img_002745.jpg,2685,2896,2745,"C picks up a whisk from the counter and begins to mix ingredients in a bowl. They then move to the stove, where they add more ingredients to a pot. C continues to stir the mixture, focusing on the cooking process.",5009,498
output/frames/5009/img_002748.jpg,2685,2896,2748,"C picks up a whisk from the counter and begins to mix ingredients in a bowl. They then move to the stove, where they add more ingredients to a pot. C continues to stir the mixture, focusing on the cooking process.",5009,498
output/frames/5009/img_002751.jpg,2685,2896,2751,"C picks up a whisk from the counter and begins to mix ingredients in a bowl. They then move to the stove, where they add more ingredients to a pot. C continues to stir the mixture, focusing on the cooking process.",5009,498
output/frames/5009/img_002754.jpg,2685,2896,2754,"C picks up a whisk from the counter and begins to mix ingredients in a bowl. They then move to the stove, where they add more ingredients to a pot. C continues to stir the mixture, focusing on the cooking process.",5009,498
output/frames/5009/img_002757.jpg,2685,2896,2757,"C picks up a whisk from the counter and begins to mix ingredients in a bowl. They then move to the stove, where they add more ingredients to a pot. C continues to stir the mixture, focusing on the cooking process.",5009,498
output/frames/5009/img_002760.jpg,2685,2896,2760,"C picks up a whisk from the counter and begins to mix ingredients in a bowl. They then move to the stove, where they add more ingredients to a pot. C continues to stir the mixture, focusing on the cooking process.",5009,498
output/frames/5009/img_002763.jpg,2685,2896,2763,"C picks up a whisk from the counter and begins to mix ingredients in a bowl. They then move to the stove, where they add more ingredients to a pot. C continues to stir the mixture, focusing on the cooking process.",5009,498
output/frames/5009/img_002766.jpg,2685,2896,2766,"C picks up a whisk from the counter and begins to mix ingredients in a bowl. They then move to the stove, where they add more ingredients to a pot. C continues to stir the mixture, focusing on the cooking process.",5009,498
output/frames/5009/img_002769.jpg,2685,2896,2769,"C picks up a whisk from the counter and begins to mix ingredients in a bowl. They then move to the stove, where they add more ingredients to a pot. C continues to stir the mixture, focusing on the cooking process.",5009,498
output/frames/5009/img_002772.jpg,2685,2896,2772,"C picks up a whisk from the counter and begins to mix ingredients in a bowl. They then move to the stove, where they add more ingredients to a pot. C continues to stir the mixture, focusing on the cooking process.",5009,498
output/frames/5009/img_002775.jpg,2685,2896,2775,"C picks up a whisk from the counter and begins to mix ingredients in a bowl. They then move to the stove, where they add more ingredients to a pot. C continues to stir the mixture, focusing on the cooking process.",5009,498
output/frames/5009/img_002778.jpg,2685,2896,2778,"C picks up a whisk from the counter and begins to mix ingredients in a bowl. They then move to the stove, where they add more ingredients to a pot. C continues to stir the mixture, focusing on the cooking process.",5009,498
output/frames/5009/img_002781.jpg,2685,2896,2781,"C picks up a whisk from the counter and begins to mix ingredients in a bowl. They then move to the stove, where they add more ingredients to a pot. C continues to stir the mixture, focusing on the cooking process.",5009,498
output/frames/5009/img_002784.jpg,2685,2896,2784,"C picks up a whisk from the counter and begins to mix ingredients in a bowl. They then move to the stove, where they add more ingredients to a pot. C continues to stir the mixture, focusing on the cooking process.",5009,498
output/frames/5009/img_002787.jpg,2685,2896,2787,"C picks up a whisk from the counter and begins to mix ingredients in a bowl. They then move to the stove, where they add more ingredients to a pot. C continues to stir the mixture, focusing on the cooking process.",5009,498
output/frames/5009/img_002790.jpg,2685,2896,2790,"C picks up a whisk from the counter and begins to mix ingredients in a bowl. They then move to the stove, where they add more ingredients to a pot. C continues to stir the mixture, focusing on the cooking process.",5009,498
output/frames/5009/img_002793.jpg,2685,2896,2793,"C picks up a whisk from the counter and begins to mix ingredients in a bowl. They then move to the stove, where they add more ingredients to a pot. C continues to stir the mixture, focusing on the cooking process.",5009,498
output/frames/5009/img_002796.jpg,2685,2896,2796,"C picks up a whisk from the counter and begins to mix ingredients in a bowl. They then move to the stove, where they add more ingredients to a pot. C continues to stir the mixture, focusing on the cooking process.",5009,498
output/frames/5009/img_002799.jpg,2685,2896,2799,"C picks up a whisk from the counter and begins to mix ingredients in a bowl. They then move to the stove, where they add more ingredients to a pot. C continues to stir the mixture, focusing on the cooking process.",5009,498
output/frames/5009/img_002802.jpg,2685,2896,2802,"C picks up a whisk from the counter and begins to mix ingredients in a bowl. They then move to the stove, where they add more ingredients to a pot. C continues to stir the mixture, focusing on the cooking process.",5009,498
output/frames/5009/img_002805.jpg,2685,2896,2805,"C picks up a whisk from the counter and begins to mix ingredients in a bowl. They then move to the stove, where they add more ingredients to a pot. C continues to stir the mixture, focusing on the cooking process.",5009,498
output/frames/5009/img_002808.jpg,2685,2896,2808,"C picks up a whisk from the counter and begins to mix ingredients in a bowl. They then move to the stove, where they add more ingredients to a pot. C continues to stir the mixture, focusing on the cooking process.",5009,498
output/frames/5009/img_002811.jpg,2685,2896,2811,"C picks up a whisk from the counter and begins to mix ingredients in a bowl. They then move to the stove, where they add more ingredients to a pot. C continues to stir the mixture, focusing on the cooking process.",5009,498
output/frames/5009/img_002814.jpg,2685,2896,2814,"C picks up a whisk from the counter and begins to mix ingredients in a bowl. They then move to the stove, where they add more ingredients to a pot. C continues to stir the mixture, focusing on the cooking process.",5009,498
output/frames/5009/img_002817.jpg,2685,2896,2817,"C picks up a whisk from the counter and begins to mix ingredients in a bowl. They then move to the stove, where they add more ingredients to a pot. C continues to stir the mixture, focusing on the cooking process.",5009,498
output/frames/5009/img_002820.jpg,2685,2896,2820,"C picks up a whisk from the counter and begins to mix ingredients in a bowl. They then move to the stove, where they add more ingredients to a pot. C continues to stir the mixture, focusing on the cooking process.",5009,498
output/frames/5009/img_002823.jpg,2685,2896,2823,"C picks up a whisk from the counter and begins to mix ingredients in a bowl. They then move to the stove, where they add more ingredients to a pot. C continues to stir the mixture, focusing on the cooking process.",5009,498
output/frames/5009/img_002826.jpg,2685,2896,2826,"C picks up a whisk from the counter and begins to mix ingredients in a bowl. They then move to the stove, where they add more ingredients to a pot. C continues to stir the mixture, focusing on the cooking process.",5009,498
output/frames/5009/img_002829.jpg,2685,2896,2829,"C picks up a whisk from the counter and begins to mix ingredients in a bowl. They then move to the stove, where they add more ingredients to a pot. C continues to stir the mixture, focusing on the cooking process.",5009,498
output/frames/5009/img_002832.jpg,2685,2896,2832,"C picks up a whisk from the counter and begins to mix ingredients in a bowl. They then move to the stove, where they add more ingredients to a pot. C continues to stir the mixture, focusing on the cooking process.",5009,498
output/frames/5009/img_002835.jpg,2685,2896,2835,"C picks up a whisk from the counter and begins to mix ingredients in a bowl. They then move to the stove, where they add more ingredients to a pot. C continues to stir the mixture, focusing on the cooking process.",5009,498
output/frames/5009/img_002838.jpg,2685,2896,2838,"C picks up a whisk from the counter and begins to mix ingredients in a bowl. They then move to the stove, where they add more ingredients to a pot. C continues to stir the mixture, focusing on the cooking process.",5009,498
output/frames/5009/img_002841.jpg,2685,2896,2841,"C picks up a whisk from the counter and begins to mix ingredients in a bowl. They then move to the stove, where they add more ingredients to a pot. C continues to stir the mixture, focusing on the cooking process.",5009,498
output/frames/5009/img_002844.jpg,2685,2896,2844,"C picks up a whisk from the counter and begins to mix ingredients in a bowl. They then move to the stove, where they add more ingredients to a pot. C continues to stir the mixture, focusing on the cooking process.",5009,498
output/frames/5009/img_002847.jpg,2685,2896,2847,"C picks up a whisk from the counter and begins to mix ingredients in a bowl. They then move to the stove, where they add more ingredients to a pot. C continues to stir the mixture, focusing on the cooking process.",5009,498
output/frames/5009/img_002850.jpg,2685,2896,2850,"C picks up a whisk from the counter and begins to mix ingredients in a bowl. They then move to the stove, where they add more ingredients to a pot. C continues to stir the mixture, focusing on the cooking process.",5009,498
output/frames/5009/img_002853.jpg,2685,2896,2853,"C picks up a whisk from the counter and begins to mix ingredients in a bowl. They then move to the stove, where they add more ingredients to a pot. C continues to stir the mixture, focusing on the cooking process.",5009,498
output/frames/5009/img_002856.jpg,2685,2896,2856,"C picks up a whisk from the counter and begins to mix ingredients in a bowl. They then move to the stove, where they add more ingredients to a pot. C continues to stir the mixture, focusing on the cooking process.",5009,498
output/frames/5009/img_002859.jpg,2685,2896,2859,"C picks up a whisk from the counter and begins to mix ingredients in a bowl. They then move to the stove, where they add more ingredients to a pot. C continues to stir the mixture, focusing on the cooking process.",5009,498
output/frames/5009/img_002862.jpg,2685,2896,2862,"C picks up a whisk from the counter and begins to mix ingredients in a bowl. They then move to the stove, where they add more ingredients to a pot. C continues to stir the mixture, focusing on the cooking process.",5009,498
output/frames/5009/img_002865.jpg,2685,2896,2865,"C picks up a whisk from the counter and begins to mix ingredients in a bowl. They then move to the stove, where they add more ingredients to a pot. C continues to stir the mixture, focusing on the cooking process.",5009,498
output/frames/5009/img_002868.jpg,2685,2896,2868,"C picks up a whisk from the counter and begins to mix ingredients in a bowl. They then move to the stove, where they add more ingredients to a pot. C continues to stir the mixture, focusing on the cooking process.",5009,498
output/frames/5009/img_002871.jpg,2685,2896,2871,"C picks up a whisk from the counter and begins to mix ingredients in a bowl. They then move to the stove, where they add more ingredients to a pot. C continues to stir the mixture, focusing on the cooking process.",5009,498
output/frames/5009/img_002874.jpg,2685,2896,2874,"C picks up a whisk from the counter and begins to mix ingredients in a bowl. They then move to the stove, where they add more ingredients to a pot. C continues to stir the mixture, focusing on the cooking process.",5009,498
output/frames/5009/img_002877.jpg,2685,2896,2877,"C picks up a whisk from the counter and begins to mix ingredients in a bowl. They then move to the stove, where they add more ingredients to a pot. C continues to stir the mixture, focusing on the cooking process.",5009,498
output/frames/5009/img_002880.jpg,2685,2896,2880,"C picks up a whisk from the counter and begins to mix ingredients in a bowl. They then move to the stove, where they add more ingredients to a pot. C continues to stir the mixture, focusing on the cooking process.",5009,498
output/frames/5009/img_002883.jpg,2685,2896,2883,"C picks up a whisk from the counter and begins to mix ingredients in a bowl. They then move to the stove, where they add more ingredients to a pot. C continues to stir the mixture, focusing on the cooking process.",5009,498
output/frames/5009/img_002886.jpg,2685,2896,2886,"C picks up a whisk from the counter and begins to mix ingredients in a bowl. They then move to the stove, where they add more ingredients to a pot. C continues to stir the mixture, focusing on the cooking process.",5009,498
output/frames/5009/img_002889.jpg,2685,2896,2889,"C picks up a whisk from the counter and begins to mix ingredients in a bowl. They then move to the stove, where they add more ingredients to a pot. C continues to stir the mixture, focusing on the cooking process.",5009,498
output/frames/5009/img_002892.jpg,2685,2896,2892,"C picks up a whisk from the counter and begins to mix ingredients in a bowl. They then move to the stove, where they add more ingredients to a pot. C continues to stir the mixture, focusing on the cooking process.",5009,498
output/frames/5009/img_002895.jpg,2685,2896,2895,"C picks up a whisk from the counter and begins to mix ingredients in a bowl. They then move to the stove, where they add more ingredients to a pot. C continues to stir the mixture, focusing on the cooking process.",5009,498
output/frames/5009/img_002897.jpg,2897,3146,2897,"C holds a whisk and begins to mix ingredients in a bowl. They then plug in a device, likely a mixer, to power it on. After the device is turned on, C continues to mix the ingredients.",5009,498
output/frames/5009/img_002912.jpg,2897,3146,2912,"C holds a whisk and begins to mix ingredients in a bowl. They then plug in a device, likely a mixer, to power it on. After the device is turned on, C continues to mix the ingredients.",5009,498
output/frames/5009/img_002927.jpg,2897,3146,2927,"C holds a whisk and begins to mix ingredients in a bowl. They then plug in a device, likely a mixer, to power it on. After the device is turned on, C continues to mix the ingredients.",5009,498
output/frames/5009/img_002942.jpg,2897,3146,2942,"C holds a whisk and begins to mix ingredients in a bowl. They then plug in a device, likely a mixer, to power it on. After the device is turned on, C continues to mix the ingredients.",5009,498
output/frames/5009/img_002957.jpg,2897,3146,2957,"C holds a whisk and begins to mix ingredients in a bowl. They then plug in a device, likely a mixer, to power it on. After the device is turned on, C continues to mix the ingredients.",5009,498
output/frames/5009/img_002972.jpg,2897,3146,2972,"C holds a whisk and begins to mix ingredients in a bowl. They then plug in a device, likely a mixer, to power it on. After the device is turned on, C continues to mix the ingredients.",5009,498
output/frames/5009/img_002987.jpg,2897,3146,2987,"C holds a whisk and begins to mix ingredients in a bowl. They then plug in a device, likely a mixer, to power it on. After the device is turned on, C continues to mix the ingredients.",5009,498
output/frames/5009/img_003002.jpg,2897,3146,3002,"C holds a whisk and begins to mix ingredients in a bowl. They then plug in a device, likely a mixer, to power it on. After the device is turned on, C continues to mix the ingredients.",5009,498
output/frames/5009/img_003017.jpg,2897,3146,3017,"C holds a whisk and begins to mix ingredients in a bowl. They then plug in a device, likely a mixer, to power it on. After the device is turned on, C continues to mix the ingredients.",5009,498
output/frames/5009/img_003032.jpg,2897,3146,3032,"C holds a whisk and begins to mix ingredients in a bowl. They then plug in a device, likely a mixer, to power it on. After the device is turned on, C continues to mix the ingredients.",5009,498
output/frames/5009/img_003047.jpg,2897,3146,3047,"C holds a whisk and begins to mix ingredients in a bowl. They then plug in a device, likely a mixer, to power it on. After the device is turned on, C continues to mix the ingredients.",5009,498
output/frames/5009/img_003062.jpg,2897,3146,3062,"C holds a whisk and begins to mix ingredients in a bowl. They then plug in a device, likely a mixer, to power it on. After the device is turned on, C continues to mix the ingredients.",5009,498
output/frames/5009/img_003077.jpg,2897,3146,3077,"C holds a whisk and begins to mix ingredients in a bowl. They then plug in a device, likely a mixer, to power it on. After the device is turned on, C continues to mix the ingredients.",5009,498
output/frames/5009/img_003092.jpg,2897,3146,3092,"C holds a whisk and begins to mix ingredients in a bowl. They then plug in a device, likely a mixer, to power it on. After the device is turned on, C continues to mix the ingredients.",5009,498
output/frames/5009/img_003107.jpg,2897,3146,3107,"C holds a whisk and begins to mix ingredients in a bowl. They then plug in a device, likely a mixer, to power it on. After the device is turned on, C continues to mix the ingredients.",5009,498
output/frames/5009/img_003122.jpg,2897,3146,3122,"C holds a whisk and begins to mix ingredients in a bowl. They then plug in a device, likely a mixer, to power it on. After the device is turned on, C continues to mix the ingredients.",5009,498
output/frames/5009/img_003137.jpg,2897,3146,3137,"C holds a whisk and begins to mix ingredients in a bowl. They then plug in a device, likely a mixer, to power it on. After the device is turned on, C continues to mix the ingredients.",5009,498
output/frames/5009/img_003147.jpg,3147,3646,3147,"C holds a hand mixer and begins to mix butter in a yellow bowl. They continue to mix the butter, ensuring it is well combined. C then places the mixer down and reaches for a bag of ingredients.",5009,498
output/frames/5009/img_003162.jpg,3147,3646,3162,"C holds a hand mixer and begins to mix butter in a yellow bowl. They continue to mix the butter, ensuring it is well combined. C then places the mixer down and reaches for a bag of ingredients.",5009,498
output/frames/5009/img_003177.jpg,3147,3646,3177,"C holds a hand mixer and begins to mix butter in a yellow bowl. They continue to mix the butter, ensuring it is well combined. C then places the mixer down and reaches for a bag of ingredients.",5009,498
output/frames/5009/img_003192.jpg,3147,3646,3192,"C holds a hand mixer and begins to mix butter in a yellow bowl. They continue to mix the butter, ensuring it is well combined. C then places the mixer down and reaches for a bag of ingredients.",5009,498
output/frames/5009/img_003207.jpg,3147,3646,3207,"C holds a hand mixer and begins to mix butter in a yellow bowl. They continue to mix the butter, ensuring it is well combined. C then places the mixer down and reaches for a bag of ingredients.",5009,498
output/frames/5009/img_003222.jpg,3147,3646,3222,"C holds a hand mixer and begins to mix butter in a yellow bowl. They continue to mix the butter, ensuring it is well combined. C then places the mixer down and reaches for a bag of ingredients.",5009,498
output/frames/5009/img_003237.jpg,3147,3646,3237,"C holds a hand mixer and begins to mix butter in a yellow bowl. They continue to mix the butter, ensuring it is well combined. C then places the mixer down and reaches for a bag of ingredients.",5009,498
output/frames/5009/img_003252.jpg,3147,3646,3252,"C holds a hand mixer and begins to mix butter in a yellow bowl. They continue to mix the butter, ensuring it is well combined. C then places the mixer down and reaches for a bag of ingredients.",5009,498
output/frames/5009/img_003267.jpg,3147,3646,3267,"C holds a hand mixer and begins to mix butter in a yellow bowl. They continue to mix the butter, ensuring it is well combined. C then places the mixer down and reaches for a bag of ingredients.",5009,498
output/frames/5009/img_003282.jpg,3147,3646,3282,"C holds a hand mixer and begins to mix butter in a yellow bowl. They continue to mix the butter, ensuring it is well combined. C then places the mixer down and reaches for a bag of ingredients.",5009,498
output/frames/5009/img_003297.jpg,3147,3646,3297,"C holds a hand mixer and begins to mix butter in a yellow bowl. They continue to mix the butter, ensuring it is well combined. C then places the mixer down and reaches for a bag of ingredients.",5009,498
output/frames/5009/img_003312.jpg,3147,3646,3312,"C holds a hand mixer and begins to mix butter in a yellow bowl. They continue to mix the butter, ensuring it is well combined. C then places the mixer down and reaches for a bag of ingredients.",5009,498
output/frames/5009/img_003327.jpg,3147,3646,3327,"C holds a hand mixer and begins to mix butter in a yellow bowl. They continue to mix the butter, ensuring it is well combined. C then places the mixer down and reaches for a bag of ingredients.",5009,498
output/frames/5009/img_003342.jpg,3147,3646,3342,"C holds a hand mixer and begins to mix butter in a yellow bowl. They continue to mix the butter, ensuring it is well combined. C then places the mixer down and reaches for a bag of ingredients.",5009,498
output/frames/5009/img_003357.jpg,3147,3646,3357,"C holds a hand mixer and begins to mix butter in a yellow bowl. They continue to mix the butter, ensuring it is well combined. C then places the mixer down and reaches for a bag of ingredients.",5009,498
output/frames/5009/img_003372.jpg,3147,3646,3372,"C holds a hand mixer and begins to mix butter in a yellow bowl. They continue to mix the butter, ensuring it is well combined. C then places the mixer down and reaches for a bag of ingredients.",5009,498
output/frames/5009/img_003387.jpg,3147,3646,3387,"C holds a hand mixer and begins to mix butter in a yellow bowl. They continue to mix the butter, ensuring it is well combined. C then places the mixer down and reaches for a bag of ingredients.",5009,498
output/frames/5009/img_003402.jpg,3147,3646,3402,"C holds a hand mixer and begins to mix butter in a yellow bowl. They continue to mix the butter, ensuring it is well combined. C then places the mixer down and reaches for a bag of ingredients.",5009,498
output/frames/5009/img_003417.jpg,3147,3646,3417,"C holds a hand mixer and begins to mix butter in a yellow bowl. They continue to mix the butter, ensuring it is well combined. C then places the mixer down and reaches for a bag of ingredients.",5009,498
output/frames/5009/img_003432.jpg,3147,3646,3432,"C holds a hand mixer and begins to mix butter in a yellow bowl. They continue to mix the butter, ensuring it is well combined. C then places the mixer down and reaches for a bag of ingredients.",5009,498
output/frames/5009/img_003447.jpg,3147,3646,3447,"C holds a hand mixer and begins to mix butter in a yellow bowl. They continue to mix the butter, ensuring it is well combined. C then places the mixer down and reaches for a bag of ingredients.",5009,498
output/frames/5009/img_003462.jpg,3147,3646,3462,"C holds a hand mixer and begins to mix butter in a yellow bowl. They continue to mix the butter, ensuring it is well combined. C then places the mixer down and reaches for a bag of ingredients.",5009,498
output/frames/5009/img_003477.jpg,3147,3646,3477,"C holds a hand mixer and begins to mix butter in a yellow bowl. They continue to mix the butter, ensuring it is well combined. C then places the mixer down and reaches for a bag of ingredients.",5009,498
output/frames/5009/img_003492.jpg,3147,3646,3492,"C holds a hand mixer and begins to mix butter in a yellow bowl. They continue to mix the butter, ensuring it is well combined. C then places the mixer down and reaches for a bag of ingredients.",5009,498
output/frames/5009/img_003507.jpg,3147,3646,3507,"C holds a hand mixer and begins to mix butter in a yellow bowl. They continue to mix the butter, ensuring it is well combined. C then places the mixer down and reaches for a bag of ingredients.",5009,498
output/frames/5009/img_003522.jpg,3147,3646,3522,"C holds a hand mixer and begins to mix butter in a yellow bowl. They continue to mix the butter, ensuring it is well combined. C then places the mixer down and reaches for a bag of ingredients.",5009,498
output/frames/5009/img_003537.jpg,3147,3646,3537,"C holds a hand mixer and begins to mix butter in a yellow bowl. They continue to mix the butter, ensuring it is well combined. C then places the mixer down and reaches for a bag of ingredients.",5009,498
output/frames/5009/img_003552.jpg,3147,3646,3552,"C holds a hand mixer and begins to mix butter in a yellow bowl. They continue to mix the butter, ensuring it is well combined. C then places the mixer down and reaches for a bag of ingredients.",5009,498
output/frames/5009/img_003567.jpg,3147,3646,3567,"C holds a hand mixer and begins to mix butter in a yellow bowl. They continue to mix the butter, ensuring it is well combined. C then places the mixer down and reaches for a bag of ingredients.",5009,498
output/frames/5009/img_003582.jpg,3147,3646,3582,"C holds a hand mixer and begins to mix butter in a yellow bowl. They continue to mix the butter, ensuring it is well combined. C then places the mixer down and reaches for a bag of ingredients.",5009,498
output/frames/5009/img_003597.jpg,3147,3646,3597,"C holds a hand mixer and begins to mix butter in a yellow bowl. They continue to mix the butter, ensuring it is well combined. C then places the mixer down and reaches for a bag of ingredients.",5009,498
output/frames/5009/img_003612.jpg,3147,3646,3612,"C holds a hand mixer and begins to mix butter in a yellow bowl. They continue to mix the butter, ensuring it is well combined. C then places the mixer down and reaches for a bag of ingredients.",5009,498
output/frames/5009/img_003627.jpg,3147,3646,3627,"C holds a hand mixer and begins to mix butter in a yellow bowl. They continue to mix the butter, ensuring it is well combined. C then places the mixer down and reaches for a bag of ingredients.",5009,498
output/frames/5009/img_003642.jpg,3147,3646,3642,"C holds a hand mixer and begins to mix butter in a yellow bowl. They continue to mix the butter, ensuring it is well combined. C then places the mixer down and reaches for a bag of ingredients.",5009,498
output/frames/5009/img_003909.jpg,3909,4195,3909,C stops mixing the batter in the bowl and places the hand mixer on the counter. C then moves to the sink and turns on the tap to wash their hands.,5009,498
output/frames/5009/img_004029.jpg,3909,4195,4029,C stops mixing the batter in the bowl and places the hand mixer on the counter. C then moves to the sink and turns on the tap to wash their hands.,5009,498
output/frames/5009/img_004149.jpg,3909,4195,4149,C stops mixing the batter in the bowl and places the hand mixer on the counter. C then moves to the sink and turns on the tap to wash their hands.,5009,498
output/frames/5009/img_004196.jpg,4196,4591,4196,C holds a yellow bowl with a whisk and begins to mix the ingredients. C then turns on the kitchen ventilation system with their right hand.,5009,498
output/frames/5009/img_004256.jpg,4196,4591,4256,C holds a yellow bowl with a whisk and begins to mix the ingredients. C then turns on the kitchen ventilation system with their right hand.,5009,498
output/frames/5009/img_004316.jpg,4196,4591,4316,C holds a yellow bowl with a whisk and begins to mix the ingredients. C then turns on the kitchen ventilation system with their right hand.,5009,498
output/frames/5009/img_004376.jpg,4196,4591,4376,C holds a yellow bowl with a whisk and begins to mix the ingredients. C then turns on the kitchen ventilation system with their right hand.,5009,498
output/frames/5009/img_004436.jpg,4196,4591,4436,C holds a yellow bowl with a whisk and begins to mix the ingredients. C then turns on the kitchen ventilation system with their right hand.,5009,498
output/frames/5009/img_004496.jpg,4196,4591,4496,C holds a yellow bowl with a whisk and begins to mix the ingredients. C then turns on the kitchen ventilation system with their right hand.,5009,498
output/frames/5009/img_004556.jpg,4196,4591,4556,C holds a yellow bowl with a whisk and begins to mix the ingredients. C then turns on the kitchen ventilation system with their right hand.,5009,498
output/frames/5009/img_004592.jpg,4592,5103,4592,"C is in the kitchen, mixing ingredients in a yellow bowl with a whisk. They are focused on the task at hand, carefully combining the mixture. In the background, a pot sits on the stove, indicating that other cooking activities are underway.",5009,498
output/frames/5009/img_004602.jpg,4592,5103,4602,"C is in the kitchen, mixing ingredients in a yellow bowl with a whisk. They are focused on the task at hand, carefully combining the mixture. In the background, a pot sits on the stove, indicating that other cooking activities are underway.",5009,498
output/frames/5009/img_004612.jpg,4592,5103,4612,"C is in the kitchen, mixing ingredients in a yellow bowl with a whisk. They are focused on the task at hand, carefully combining the mixture. In the background, a pot sits on the stove, indicating that other cooking activities are underway.",5009,498
output/frames/5009/img_004622.jpg,4592,5103,4622,"C is in the kitchen, mixing ingredients in a yellow bowl with a whisk. They are focused on the task at hand, carefully combining the mixture. In the background, a pot sits on the stove, indicating that other cooking activities are underway.",5009,498
output/frames/5009/img_004632.jpg,4592,5103,4632,"C is in the kitchen, mixing ingredients in a yellow bowl with a whisk. They are focused on the task at hand, carefully combining the mixture. In the background, a pot sits on the stove, indicating that other cooking activities are underway.",5009,498
output/frames/5009/img_004642.jpg,4592,5103,4642,"C is in the kitchen, mixing ingredients in a yellow bowl with a whisk. They are focused on the task at hand, carefully combining the mixture. In the background, a pot sits on the stove, indicating that other cooking activities are underway.",5009,498
output/frames/5009/img_004652.jpg,4592,5103,4652,"C is in the kitchen, mixing ingredients in a yellow bowl with a whisk. They are focused on the task at hand, carefully combining the mixture. In the background, a pot sits on the stove, indicating that other cooking activities are underway.",5009,498
output/frames/5009/img_004662.jpg,4592,5103,4662,"C is in the kitchen, mixing ingredients in a yellow bowl with a whisk. They are focused on the task at hand, carefully combining the mixture. In the background, a pot sits on the stove, indicating that other cooking activities are underway.",5009,498
output/frames/5009/img_004672.jpg,4592,5103,4672,"C is in the kitchen, mixing ingredients in a yellow bowl with a whisk. They are focused on the task at hand, carefully combining the mixture. In the background, a pot sits on the stove, indicating that other cooking activities are underway.",5009,498
output/frames/5009/img_004682.jpg,4592,5103,4682,"C is in the kitchen, mixing ingredients in a yellow bowl with a whisk. They are focused on the task at hand, carefully combining the mixture. In the background, a pot sits on the stove, indicating that other cooking activities are underway.",5009,498
output/frames/5009/img_004692.jpg,4592,5103,4692,"C is in the kitchen, mixing ingredients in a yellow bowl with a whisk. They are focused on the task at hand, carefully combining the mixture. In the background, a pot sits on the stove, indicating that other cooking activities are underway.",5009,498
output/frames/5009/img_004702.jpg,4592,5103,4702,"C is in the kitchen, mixing ingredients in a yellow bowl with a whisk. They are focused on the task at hand, carefully combining the mixture. In the background, a pot sits on the stove, indicating that other cooking activities are underway.",5009,498
output/frames/5009/img_004712.jpg,4592,5103,4712,"C is in the kitchen, mixing ingredients in a yellow bowl with a whisk. They are focused on the task at hand, carefully combining the mixture. In the background, a pot sits on the stove, indicating that other cooking activities are underway.",5009,498
output/frames/5009/img_004722.jpg,4592,5103,4722,"C is in the kitchen, mixing ingredients in a yellow bowl with a whisk. They are focused on the task at hand, carefully combining the mixture. In the background, a pot sits on the stove, indicating that other cooking activities are underway.",5009,498
output/frames/5009/img_004732.jpg,4592,5103,4732,"C is in the kitchen, mixing ingredients in a yellow bowl with a whisk. They are focused on the task at hand, carefully combining the mixture. In the background, a pot sits on the stove, indicating that other cooking activities are underway.",5009,498
output/frames/5009/img_004742.jpg,4592,5103,4742,"C is in the kitchen, mixing ingredients in a yellow bowl with a whisk. They are focused on the task at hand, carefully combining the mixture. In the background, a pot sits on the stove, indicating that other cooking activities are underway.",5009,498
output/frames/5009/img_004752.jpg,4592,5103,4752,"C is in the kitchen, mixing ingredients in a yellow bowl with a whisk. They are focused on the task at hand, carefully combining the mixture. In the background, a pot sits on the stove, indicating that other cooking activities are underway.",5009,498
output/frames/5009/img_004762.jpg,4592,5103,4762,"C is in the kitchen, mixing ingredients in a yellow bowl with a whisk. They are focused on the task at hand, carefully combining the mixture. In the background, a pot sits on the stove, indicating that other cooking activities are underway.",5009,498
output/frames/5009/img_004772.jpg,4592,5103,4772,"C is in the kitchen, mixing ingredients in a yellow bowl with a whisk. They are focused on the task at hand, carefully combining the mixture. In the background, a pot sits on the stove, indicating that other cooking activities are underway.",5009,498
output/frames/5009/img_004782.jpg,4592,5103,4782,"C is in the kitchen, mixing ingredients in a yellow bowl with a whisk. They are focused on the task at hand, carefully combining the mixture. In the background, a pot sits on the stove, indicating that other cooking activities are underway.",5009,498
output/frames/5009/img_004792.jpg,4592,5103,4792,"C is in the kitchen, mixing ingredients in a yellow bowl with a whisk. They are focused on the task at hand, carefully combining the mixture. In the background, a pot sits on the stove, indicating that other cooking activities are underway.",5009,498
output/frames/5009/img_004802.jpg,4592,5103,4802,"C is in the kitchen, mixing ingredients in a yellow bowl with a whisk. They are focused on the task at hand, carefully combining the mixture. In the background, a pot sits on the stove, indicating that other cooking activities are underway.",5009,498
output/frames/5009/img_004812.jpg,4592,5103,4812,"C is in the kitchen, mixing ingredients in a yellow bowl with a whisk. They are focused on the task at hand, carefully combining the mixture. In the background, a pot sits on the stove, indicating that other cooking activities are underway.",5009,498
output/frames/5009/img_004822.jpg,4592,5103,4822,"C is in the kitchen, mixing ingredients in a yellow bowl with a whisk. They are focused on the task at hand, carefully combining the mixture. In the background, a pot sits on the stove, indicating that other cooking activities are underway.",5009,498
output/frames/5009/img_004832.jpg,4592,5103,4832,"C is in the kitchen, mixing ingredients in a yellow bowl with a whisk. They are focused on the task at hand, carefully combining the mixture. In the background, a pot sits on the stove, indicating that other cooking activities are underway.",5009,498
output/frames/5009/img_004842.jpg,4592,5103,4842,"C is in the kitchen, mixing ingredients in a yellow bowl with a whisk. They are focused on the task at hand, carefully combining the mixture. In the background, a pot sits on the stove, indicating that other cooking activities are underway.",5009,498
output/frames/5009/img_004852.jpg,4592,5103,4852,"C is in the kitchen, mixing ingredients in a yellow bowl with a whisk. They are focused on the task at hand, carefully combining the mixture. In the background, a pot sits on the stove, indicating that other cooking activities are underway.",5009,498
output/frames/5009/img_004862.jpg,4592,5103,4862,"C is in the kitchen, mixing ingredients in a yellow bowl with a whisk. They are focused on the task at hand, carefully combining the mixture. In the background, a pot sits on the stove, indicating that other cooking activities are underway.",5009,498
output/frames/5009/img_004872.jpg,4592,5103,4872,"C is in the kitchen, mixing ingredients in a yellow bowl with a whisk. They are focused on the task at hand, carefully combining the mixture. In the background, a pot sits on the stove, indicating that other cooking activities are underway.",5009,498
output/frames/5009/img_004882.jpg,4592,5103,4882,"C is in the kitchen, mixing ingredients in a yellow bowl with a whisk. They are focused on the task at hand, carefully combining the mixture. In the background, a pot sits on the stove, indicating that other cooking activities are underway.",5009,498
output/frames/5009/img_004892.jpg,4592,5103,4892,"C is in the kitchen, mixing ingredients in a yellow bowl with a whisk. They are focused on the task at hand, carefully combining the mixture. In the background, a pot sits on the stove, indicating that other cooking activities are underway.",5009,498
output/frames/5009/img_004902.jpg,4592,5103,4902,"C is in the kitchen, mixing ingredients in a yellow bowl with a whisk. They are focused on the task at hand, carefully combining the mixture. In the background, a pot sits on the stove, indicating that other cooking activities are underway.",5009,498
output/frames/5009/img_004912.jpg,4592,5103,4912,"C is in the kitchen, mixing ingredients in a yellow bowl with a whisk. They are focused on the task at hand, carefully combining the mixture. In the background, a pot sits on the stove, indicating that other cooking activities are underway.",5009,498
output/frames/5009/img_004922.jpg,4592,5103,4922,"C is in the kitchen, mixing ingredients in a yellow bowl with a whisk. They are focused on the task at hand, carefully combining the mixture. In the background, a pot sits on the stove, indicating that other cooking activities are underway.",5009,498
output/frames/5009/img_004932.jpg,4592,5103,4932,"C is in the kitchen, mixing ingredients in a yellow bowl with a whisk. They are focused on the task at hand, carefully combining the mixture. In the background, a pot sits on the stove, indicating that other cooking activities are underway.",5009,498
output/frames/5009/img_004942.jpg,4592,5103,4942,"C is in the kitchen, mixing ingredients in a yellow bowl with a whisk. They are focused on the task at hand, carefully combining the mixture. In the background, a pot sits on the stove, indicating that other cooking activities are underway.",5009,498
output/frames/5009/img_004952.jpg,4592,5103,4952,"C is in the kitchen, mixing ingredients in a yellow bowl with a whisk. They are focused on the task at hand, carefully combining the mixture. In the background, a pot sits on the stove, indicating that other cooking activities are underway.",5009,498
output/frames/5009/img_004962.jpg,4592,5103,4962,"C is in the kitchen, mixing ingredients in a yellow bowl with a whisk. They are focused on the task at hand, carefully combining the mixture. In the background, a pot sits on the stove, indicating that other cooking activities are underway.",5009,498
output/frames/5009/img_004972.jpg,4592,5103,4972,"C is in the kitchen, mixing ingredients in a yellow bowl with a whisk. They are focused on the task at hand, carefully combining the mixture. In the background, a pot sits on the stove, indicating that other cooking activities are underway.",5009,498
output/frames/5009/img_004982.jpg,4592,5103,4982,"C is in the kitchen, mixing ingredients in a yellow bowl with a whisk. They are focused on the task at hand, carefully combining the mixture. In the background, a pot sits on the stove, indicating that other cooking activities are underway.",5009,498
output/frames/5009/img_004992.jpg,4592,5103,4992,"C is in the kitchen, mixing ingredients in a yellow bowl with a whisk. They are focused on the task at hand, carefully combining the mixture. In the background, a pot sits on the stove, indicating that other cooking activities are underway.",5009,498
output/frames/5009/img_005002.jpg,4592,5103,5002,"C is in the kitchen, mixing ingredients in a yellow bowl with a whisk. They are focused on the task at hand, carefully combining the mixture. In the background, a pot sits on the stove, indicating that other cooking activities are underway.",5009,498
output/frames/5009/img_005012.jpg,4592,5103,5012,"C is in the kitchen, mixing ingredients in a yellow bowl with a whisk. They are focused on the task at hand, carefully combining the mixture. In the background, a pot sits on the stove, indicating that other cooking activities are underway.",5009,498
output/frames/5009/img_005022.jpg,4592,5103,5022,"C is in the kitchen, mixing ingredients in a yellow bowl with a whisk. They are focused on the task at hand, carefully combining the mixture. In the background, a pot sits on the stove, indicating that other cooking activities are underway.",5009,498
output/frames/5009/img_005032.jpg,4592,5103,5032,"C is in the kitchen, mixing ingredients in a yellow bowl with a whisk. They are focused on the task at hand, carefully combining the mixture. In the background, a pot sits on the stove, indicating that other cooking activities are underway.",5009,498
output/frames/5009/img_005042.jpg,4592,5103,5042,"C is in the kitchen, mixing ingredients in a yellow bowl with a whisk. They are focused on the task at hand, carefully combining the mixture. In the background, a pot sits on the stove, indicating that other cooking activities are underway.",5009,498
output/frames/5009/img_005052.jpg,4592,5103,5052,"C is in the kitchen, mixing ingredients in a yellow bowl with a whisk. They are focused on the task at hand, carefully combining the mixture. In the background, a pot sits on the stove, indicating that other cooking activities are underway.",5009,498
output/frames/5009/img_005062.jpg,4592,5103,5062,"C is in the kitchen, mixing ingredients in a yellow bowl with a whisk. They are focused on the task at hand, carefully combining the mixture. In the background, a pot sits on the stove, indicating that other cooking activities are underway.",5009,498
output/frames/5009/img_005072.jpg,4592,5103,5072,"C is in the kitchen, mixing ingredients in a yellow bowl with a whisk. They are focused on the task at hand, carefully combining the mixture. In the background, a pot sits on the stove, indicating that other cooking activities are underway.",5009,498
output/frames/5009/img_005082.jpg,4592,5103,5082,"C is in the kitchen, mixing ingredients in a yellow bowl with a whisk. They are focused on the task at hand, carefully combining the mixture. In the background, a pot sits on the stove, indicating that other cooking activities are underway.",5009,498
output/frames/5009/img_005092.jpg,4592,5103,5092,"C is in the kitchen, mixing ingredients in a yellow bowl with a whisk. They are focused on the task at hand, carefully combining the mixture. In the background, a pot sits on the stove, indicating that other cooking activities are underway.",5009,498
output/frames/5009/img_005102.jpg,4592,5103,5102,"C is in the kitchen, mixing ingredients in a yellow bowl with a whisk. They are focused on the task at hand, carefully combining the mixture. In the background, a pot sits on the stove, indicating that other cooking activities are underway.",5009,498
output/frames/5009/img_005104.jpg,5104,5399,5104,"C holds a packet of chocolate and opens it, revealing the chocolate inside. C then places the packet on the counter and begins to unwrap the chocolate. C carefully unwraps the chocolate and places it on the counter.",5009,498
output/frames/5009/img_005119.jpg,5104,5399,5119,"C holds a packet of chocolate and opens it, revealing the chocolate inside. C then places the packet on the counter and begins to unwrap the chocolate. C carefully unwraps the chocolate and places it on the counter.",5009,498
output/frames/5009/img_005134.jpg,5104,5399,5134,"C holds a packet of chocolate and opens it, revealing the chocolate inside. C then places the packet on the counter and begins to unwrap the chocolate. C carefully unwraps the chocolate and places it on the counter.",5009,498
output/frames/5009/img_005149.jpg,5104,5399,5149,"C holds a packet of chocolate and opens it, revealing the chocolate inside. C then places the packet on the counter and begins to unwrap the chocolate. C carefully unwraps the chocolate and places it on the counter.",5009,498
output/frames/5009/img_005164.jpg,5104,5399,5164,"C holds a packet of chocolate and opens it, revealing the chocolate inside. C then places the packet on the counter and begins to unwrap the chocolate. C carefully unwraps the chocolate and places it on the counter.",5009,498
output/frames/5009/img_005179.jpg,5104,5399,5179,"C holds a packet of chocolate and opens it, revealing the chocolate inside. C then places the packet on the counter and begins to unwrap the chocolate. C carefully unwraps the chocolate and places it on the counter.",5009,498
output/frames/5009/img_005194.jpg,5104,5399,5194,"C holds a packet of chocolate and opens it, revealing the chocolate inside. C then places the packet on the counter and begins to unwrap the chocolate. C carefully unwraps the chocolate and places it on the counter.",5009,498
output/frames/5009/img_005209.jpg,5104,5399,5209,"C holds a packet of chocolate and opens it, revealing the chocolate inside. C then places the packet on the counter and begins to unwrap the chocolate. C carefully unwraps the chocolate and places it on the counter.",5009,498
output/frames/5009/img_005224.jpg,5104,5399,5224,"C holds a packet of chocolate and opens it, revealing the chocolate inside. C then places the packet on the counter and begins to unwrap the chocolate. C carefully unwraps the chocolate and places it on the counter.",5009,498
output/frames/5009/img_005239.jpg,5104,5399,5239,"C holds a packet of chocolate and opens it, revealing the chocolate inside. C then places the packet on the counter and begins to unwrap the chocolate. C carefully unwraps the chocolate and places it on the counter.",5009,498
output/frames/5009/img_005254.jpg,5104,5399,5254,"C holds a packet of chocolate and opens it, revealing the chocolate inside. C then places the packet on the counter and begins to unwrap the chocolate. C carefully unwraps the chocolate and places it on the counter.",5009,498
output/frames/5009/img_005269.jpg,5104,5399,5269,"C holds a packet of chocolate and opens it, revealing the chocolate inside. C then places the packet on the counter and begins to unwrap the chocolate. C carefully unwraps the chocolate and places it on the counter.",5009,498
output/frames/5009/img_005284.jpg,5104,5399,5284,"C holds a packet of chocolate and opens it, revealing the chocolate inside. C then places the packet on the counter and begins to unwrap the chocolate. C carefully unwraps the chocolate and places it on the counter.",5009,498
output/frames/5009/img_005299.jpg,5104,5399,5299,"C holds a packet of chocolate and opens it, revealing the chocolate inside. C then places the packet on the counter and begins to unwrap the chocolate. C carefully unwraps the chocolate and places it on the counter.",5009,498
output/frames/5009/img_005314.jpg,5104,5399,5314,"C holds a packet of chocolate and opens it, revealing the chocolate inside. C then places the packet on the counter and begins to unwrap the chocolate. C carefully unwraps the chocolate and places it on the counter.",5009,498
output/frames/5009/img_005329.jpg,5104,5399,5329,"C holds a packet of chocolate and opens it, revealing the chocolate inside. C then places the packet on the counter and begins to unwrap the chocolate. C carefully unwraps the chocolate and places it on the counter.",5009,498
output/frames/5009/img_005344.jpg,5104,5399,5344,"C holds a packet of chocolate and opens it, revealing the chocolate inside. C then places the packet on the counter and begins to unwrap the chocolate. C carefully unwraps the chocolate and places it on the counter.",5009,498
output/frames/5009/img_005359.jpg,5104,5399,5359,"C holds a packet of chocolate and opens it, revealing the chocolate inside. C then places the packet on the counter and begins to unwrap the chocolate. C carefully unwraps the chocolate and places it on the counter.",5009,498
output/frames/5009/img_005374.jpg,5104,5399,5374,"C holds a packet of chocolate and opens it, revealing the chocolate inside. C then places the packet on the counter and begins to unwrap the chocolate. C carefully unwraps the chocolate and places it on the counter.",5009,498
output/frames/5009/img_005389.jpg,5104,5399,5389,"C holds a packet of chocolate and opens it, revealing the chocolate inside. C then places the packet on the counter and begins to unwrap the chocolate. C carefully unwraps the chocolate and places it on the counter.",5009,498
output/frames/5025/img_000000.jpg,0,636,0,C pulls a tray of dough from the oven and places it on the counter. C then takes a sheet of paper from the oven and places it on the counter. C walks to the oven and pulls out another tray of dough.,5025,499
output/frames/5025/img_000010.jpg,0,636,10,C pulls a tray of dough from the oven and places it on the counter. C then takes a sheet of paper from the oven and places it on the counter. C walks to the oven and pulls out another tray of dough.,5025,499
output/frames/5025/img_000020.jpg,0,636,20,C pulls a tray of dough from the oven and places it on the counter. C then takes a sheet of paper from the oven and places it on the counter. C walks to the oven and pulls out another tray of dough.,5025,499
output/frames/5025/img_000030.jpg,0,636,30,C pulls a tray of dough from the oven and places it on the counter. C then takes a sheet of paper from the oven and places it on the counter. C walks to the oven and pulls out another tray of dough.,5025,499
output/frames/5025/img_000040.jpg,0,636,40,C pulls a tray of dough from the oven and places it on the counter. C then takes a sheet of paper from the oven and places it on the counter. C walks to the oven and pulls out another tray of dough.,5025,499
output/frames/5025/img_000050.jpg,0,636,50,C pulls a tray of dough from the oven and places it on the counter. C then takes a sheet of paper from the oven and places it on the counter. C walks to the oven and pulls out another tray of dough.,5025,499
output/frames/5025/img_000060.jpg,0,636,60,C pulls a tray of dough from the oven and places it on the counter. C then takes a sheet of paper from the oven and places it on the counter. C walks to the oven and pulls out another tray of dough.,5025,499
output/frames/5025/img_000070.jpg,0,636,70,C pulls a tray of dough from the oven and places it on the counter. C then takes a sheet of paper from the oven and places it on the counter. C walks to the oven and pulls out another tray of dough.,5025,499
output/frames/5025/img_000080.jpg,0,636,80,C pulls a tray of dough from the oven and places it on the counter. C then takes a sheet of paper from the oven and places it on the counter. C walks to the oven and pulls out another tray of dough.,5025,499
output/frames/5025/img_000090.jpg,0,636,90,C pulls a tray of dough from the oven and places it on the counter. C then takes a sheet of paper from the oven and places it on the counter. C walks to the oven and pulls out another tray of dough.,5025,499
output/frames/5025/img_000100.jpg,0,636,100,C pulls a tray of dough from the oven and places it on the counter. C then takes a sheet of paper from the oven and places it on the counter. C walks to the oven and pulls out another tray of dough.,5025,499
output/frames/5025/img_000110.jpg,0,636,110,C pulls a tray of dough from the oven and places it on the counter. C then takes a sheet of paper from the oven and places it on the counter. C walks to the oven and pulls out another tray of dough.,5025,499
output/frames/5025/img_000120.jpg,0,636,120,C pulls a tray of dough from the oven and places it on the counter. C then takes a sheet of paper from the oven and places it on the counter. C walks to the oven and pulls out another tray of dough.,5025,499
output/frames/5025/img_000130.jpg,0,636,130,C pulls a tray of dough from the oven and places it on the counter. C then takes a sheet of paper from the oven and places it on the counter. C walks to the oven and pulls out another tray of dough.,5025,499
output/frames/5025/img_000140.jpg,0,636,140,C pulls a tray of dough from the oven and places it on the counter. C then takes a sheet of paper from the oven and places it on the counter. C walks to the oven and pulls out another tray of dough.,5025,499
output/frames/5025/img_000150.jpg,0,636,150,C pulls a tray of dough from the oven and places it on the counter. C then takes a sheet of paper from the oven and places it on the counter. C walks to the oven and pulls out another tray of dough.,5025,499
output/frames/5025/img_000160.jpg,0,636,160,C pulls a tray of dough from the oven and places it on the counter. C then takes a sheet of paper from the oven and places it on the counter. C walks to the oven and pulls out another tray of dough.,5025,499
output/frames/5025/img_000170.jpg,0,636,170,C pulls a tray of dough from the oven and places it on the counter. C then takes a sheet of paper from the oven and places it on the counter. C walks to the oven and pulls out another tray of dough.,5025,499
output/frames/5025/img_000180.jpg,0,636,180,C pulls a tray of dough from the oven and places it on the counter. C then takes a sheet of paper from the oven and places it on the counter. C walks to the oven and pulls out another tray of dough.,5025,499
output/frames/5025/img_000190.jpg,0,636,190,C pulls a tray of dough from the oven and places it on the counter. C then takes a sheet of paper from the oven and places it on the counter. C walks to the oven and pulls out another tray of dough.,5025,499
output/frames/5025/img_000200.jpg,0,636,200,C pulls a tray of dough from the oven and places it on the counter. C then takes a sheet of paper from the oven and places it on the counter. C walks to the oven and pulls out another tray of dough.,5025,499
output/frames/5025/img_000210.jpg,0,636,210,C pulls a tray of dough from the oven and places it on the counter. C then takes a sheet of paper from the oven and places it on the counter. C walks to the oven and pulls out another tray of dough.,5025,499
output/frames/5025/img_000220.jpg,0,636,220,C pulls a tray of dough from the oven and places it on the counter. C then takes a sheet of paper from the oven and places it on the counter. C walks to the oven and pulls out another tray of dough.,5025,499
output/frames/5025/img_000230.jpg,0,636,230,C pulls a tray of dough from the oven and places it on the counter. C then takes a sheet of paper from the oven and places it on the counter. C walks to the oven and pulls out another tray of dough.,5025,499
output/frames/5025/img_000240.jpg,0,636,240,C pulls a tray of dough from the oven and places it on the counter. C then takes a sheet of paper from the oven and places it on the counter. C walks to the oven and pulls out another tray of dough.,5025,499
output/frames/5025/img_000250.jpg,0,636,250,C pulls a tray of dough from the oven and places it on the counter. C then takes a sheet of paper from the oven and places it on the counter. C walks to the oven and pulls out another tray of dough.,5025,499
output/frames/5025/img_000260.jpg,0,636,260,C pulls a tray of dough from the oven and places it on the counter. C then takes a sheet of paper from the oven and places it on the counter. C walks to the oven and pulls out another tray of dough.,5025,499
output/frames/5025/img_000270.jpg,0,636,270,C pulls a tray of dough from the oven and places it on the counter. C then takes a sheet of paper from the oven and places it on the counter. C walks to the oven and pulls out another tray of dough.,5025,499
output/frames/5025/img_000280.jpg,0,636,280,C pulls a tray of dough from the oven and places it on the counter. C then takes a sheet of paper from the oven and places it on the counter. C walks to the oven and pulls out another tray of dough.,5025,499
output/frames/5025/img_000290.jpg,0,636,290,C pulls a tray of dough from the oven and places it on the counter. C then takes a sheet of paper from the oven and places it on the counter. C walks to the oven and pulls out another tray of dough.,5025,499
output/frames/5025/img_000300.jpg,0,636,300,C pulls a tray of dough from the oven and places it on the counter. C then takes a sheet of paper from the oven and places it on the counter. C walks to the oven and pulls out another tray of dough.,5025,499
output/frames/5025/img_000310.jpg,0,636,310,C pulls a tray of dough from the oven and places it on the counter. C then takes a sheet of paper from the oven and places it on the counter. C walks to the oven and pulls out another tray of dough.,5025,499
output/frames/5025/img_000320.jpg,0,636,320,C pulls a tray of dough from the oven and places it on the counter. C then takes a sheet of paper from the oven and places it on the counter. C walks to the oven and pulls out another tray of dough.,5025,499
output/frames/5025/img_000330.jpg,0,636,330,C pulls a tray of dough from the oven and places it on the counter. C then takes a sheet of paper from the oven and places it on the counter. C walks to the oven and pulls out another tray of dough.,5025,499
output/frames/5025/img_000340.jpg,0,636,340,C pulls a tray of dough from the oven and places it on the counter. C then takes a sheet of paper from the oven and places it on the counter. C walks to the oven and pulls out another tray of dough.,5025,499
output/frames/5025/img_000350.jpg,0,636,350,C pulls a tray of dough from the oven and places it on the counter. C then takes a sheet of paper from the oven and places it on the counter. C walks to the oven and pulls out another tray of dough.,5025,499
output/frames/5025/img_000360.jpg,0,636,360,C pulls a tray of dough from the oven and places it on the counter. C then takes a sheet of paper from the oven and places it on the counter. C walks to the oven and pulls out another tray of dough.,5025,499
output/frames/5025/img_000370.jpg,0,636,370,C pulls a tray of dough from the oven and places it on the counter. C then takes a sheet of paper from the oven and places it on the counter. C walks to the oven and pulls out another tray of dough.,5025,499
output/frames/5025/img_000380.jpg,0,636,380,C pulls a tray of dough from the oven and places it on the counter. C then takes a sheet of paper from the oven and places it on the counter. C walks to the oven and pulls out another tray of dough.,5025,499
output/frames/5025/img_000390.jpg,0,636,390,C pulls a tray of dough from the oven and places it on the counter. C then takes a sheet of paper from the oven and places it on the counter. C walks to the oven and pulls out another tray of dough.,5025,499
output/frames/5025/img_000400.jpg,0,636,400,C pulls a tray of dough from the oven and places it on the counter. C then takes a sheet of paper from the oven and places it on the counter. C walks to the oven and pulls out another tray of dough.,5025,499
output/frames/5025/img_000410.jpg,0,636,410,C pulls a tray of dough from the oven and places it on the counter. C then takes a sheet of paper from the oven and places it on the counter. C walks to the oven and pulls out another tray of dough.,5025,499
output/frames/5025/img_000420.jpg,0,636,420,C pulls a tray of dough from the oven and places it on the counter. C then takes a sheet of paper from the oven and places it on the counter. C walks to the oven and pulls out another tray of dough.,5025,499
output/frames/5025/img_000430.jpg,0,636,430,C pulls a tray of dough from the oven and places it on the counter. C then takes a sheet of paper from the oven and places it on the counter. C walks to the oven and pulls out another tray of dough.,5025,499
output/frames/5025/img_000440.jpg,0,636,440,C pulls a tray of dough from the oven and places it on the counter. C then takes a sheet of paper from the oven and places it on the counter. C walks to the oven and pulls out another tray of dough.,5025,499
output/frames/5025/img_000450.jpg,0,636,450,C pulls a tray of dough from the oven and places it on the counter. C then takes a sheet of paper from the oven and places it on the counter. C walks to the oven and pulls out another tray of dough.,5025,499
output/frames/5025/img_000460.jpg,0,636,460,C pulls a tray of dough from the oven and places it on the counter. C then takes a sheet of paper from the oven and places it on the counter. C walks to the oven and pulls out another tray of dough.,5025,499
output/frames/5025/img_000470.jpg,0,636,470,C pulls a tray of dough from the oven and places it on the counter. C then takes a sheet of paper from the oven and places it on the counter. C walks to the oven and pulls out another tray of dough.,5025,499
output/frames/5025/img_000480.jpg,0,636,480,C pulls a tray of dough from the oven and places it on the counter. C then takes a sheet of paper from the oven and places it on the counter. C walks to the oven and pulls out another tray of dough.,5025,499
output/frames/5025/img_000490.jpg,0,636,490,C pulls a tray of dough from the oven and places it on the counter. C then takes a sheet of paper from the oven and places it on the counter. C walks to the oven and pulls out another tray of dough.,5025,499
output/frames/5025/img_000500.jpg,0,636,500,C pulls a tray of dough from the oven and places it on the counter. C then takes a sheet of paper from the oven and places it on the counter. C walks to the oven and pulls out another tray of dough.,5025,499
output/frames/5025/img_000510.jpg,0,636,510,C pulls a tray of dough from the oven and places it on the counter. C then takes a sheet of paper from the oven and places it on the counter. C walks to the oven and pulls out another tray of dough.,5025,499
output/frames/5025/img_000520.jpg,0,636,520,C pulls a tray of dough from the oven and places it on the counter. C then takes a sheet of paper from the oven and places it on the counter. C walks to the oven and pulls out another tray of dough.,5025,499
output/frames/5025/img_000530.jpg,0,636,530,C pulls a tray of dough from the oven and places it on the counter. C then takes a sheet of paper from the oven and places it on the counter. C walks to the oven and pulls out another tray of dough.,5025,499
output/frames/5025/img_000540.jpg,0,636,540,C pulls a tray of dough from the oven and places it on the counter. C then takes a sheet of paper from the oven and places it on the counter. C walks to the oven and pulls out another tray of dough.,5025,499
output/frames/5025/img_000550.jpg,0,636,550,C pulls a tray of dough from the oven and places it on the counter. C then takes a sheet of paper from the oven and places it on the counter. C walks to the oven and pulls out another tray of dough.,5025,499
output/frames/5025/img_000560.jpg,0,636,560,C pulls a tray of dough from the oven and places it on the counter. C then takes a sheet of paper from the oven and places it on the counter. C walks to the oven and pulls out another tray of dough.,5025,499
output/frames/5025/img_000570.jpg,0,636,570,C pulls a tray of dough from the oven and places it on the counter. C then takes a sheet of paper from the oven and places it on the counter. C walks to the oven and pulls out another tray of dough.,5025,499
output/frames/5025/img_000580.jpg,0,636,580,C pulls a tray of dough from the oven and places it on the counter. C then takes a sheet of paper from the oven and places it on the counter. C walks to the oven and pulls out another tray of dough.,5025,499
output/frames/5025/img_000590.jpg,0,636,590,C pulls a tray of dough from the oven and places it on the counter. C then takes a sheet of paper from the oven and places it on the counter. C walks to the oven and pulls out another tray of dough.,5025,499
output/frames/5025/img_000600.jpg,0,636,600,C pulls a tray of dough from the oven and places it on the counter. C then takes a sheet of paper from the oven and places it on the counter. C walks to the oven and pulls out another tray of dough.,5025,499
output/frames/5025/img_000610.jpg,0,636,610,C pulls a tray of dough from the oven and places it on the counter. C then takes a sheet of paper from the oven and places it on the counter. C walks to the oven and pulls out another tray of dough.,5025,499
output/frames/5025/img_000620.jpg,0,636,620,C pulls a tray of dough from the oven and places it on the counter. C then takes a sheet of paper from the oven and places it on the counter. C walks to the oven and pulls out another tray of dough.,5025,499
output/frames/5025/img_000630.jpg,0,636,630,C pulls a tray of dough from the oven and places it on the counter. C then takes a sheet of paper from the oven and places it on the counter. C walks to the oven and pulls out another tray of dough.,5025,499
output/frames/5025/img_000637.jpg,637,971,637,C picks up a tray of dough from the conveyor belt and places it on the table. They then use their hands to shape the dough into balls and place them on the table. Another person walks by and helps C with the dough.,5025,499
output/frames/5025/img_000652.jpg,637,971,652,C picks up a tray of dough from the conveyor belt and places it on the table. They then use their hands to shape the dough into balls and place them on the table. Another person walks by and helps C with the dough.,5025,499
output/frames/5025/img_000667.jpg,637,971,667,C picks up a tray of dough from the conveyor belt and places it on the table. They then use their hands to shape the dough into balls and place them on the table. Another person walks by and helps C with the dough.,5025,499
output/frames/5025/img_000682.jpg,637,971,682,C picks up a tray of dough from the conveyor belt and places it on the table. They then use their hands to shape the dough into balls and place them on the table. Another person walks by and helps C with the dough.,5025,499
output/frames/5025/img_000697.jpg,637,971,697,C picks up a tray of dough from the conveyor belt and places it on the table. They then use their hands to shape the dough into balls and place them on the table. Another person walks by and helps C with the dough.,5025,499
output/frames/5025/img_000712.jpg,637,971,712,C picks up a tray of dough from the conveyor belt and places it on the table. They then use their hands to shape the dough into balls and place them on the table. Another person walks by and helps C with the dough.,5025,499
output/frames/5025/img_000727.jpg,637,971,727,C picks up a tray of dough from the conveyor belt and places it on the table. They then use their hands to shape the dough into balls and place them on the table. Another person walks by and helps C with the dough.,5025,499
output/frames/5025/img_000742.jpg,637,971,742,C picks up a tray of dough from the conveyor belt and places it on the table. They then use their hands to shape the dough into balls and place them on the table. Another person walks by and helps C with the dough.,5025,499
output/frames/5025/img_000757.jpg,637,971,757,C picks up a tray of dough from the conveyor belt and places it on the table. They then use their hands to shape the dough into balls and place them on the table. Another person walks by and helps C with the dough.,5025,499
output/frames/5025/img_000772.jpg,637,971,772,C picks up a tray of dough from the conveyor belt and places it on the table. They then use their hands to shape the dough into balls and place them on the table. Another person walks by and helps C with the dough.,5025,499
output/frames/5025/img_000787.jpg,637,971,787,C picks up a tray of dough from the conveyor belt and places it on the table. They then use their hands to shape the dough into balls and place them on the table. Another person walks by and helps C with the dough.,5025,499
output/frames/5025/img_000802.jpg,637,971,802,C picks up a tray of dough from the conveyor belt and places it on the table. They then use their hands to shape the dough into balls and place them on the table. Another person walks by and helps C with the dough.,5025,499
output/frames/5025/img_000817.jpg,637,971,817,C picks up a tray of dough from the conveyor belt and places it on the table. They then use their hands to shape the dough into balls and place them on the table. Another person walks by and helps C with the dough.,5025,499
output/frames/5025/img_000832.jpg,637,971,832,C picks up a tray of dough from the conveyor belt and places it on the table. They then use their hands to shape the dough into balls and place them on the table. Another person walks by and helps C with the dough.,5025,499
output/frames/5025/img_000847.jpg,637,971,847,C picks up a tray of dough from the conveyor belt and places it on the table. They then use their hands to shape the dough into balls and place them on the table. Another person walks by and helps C with the dough.,5025,499
output/frames/5025/img_000862.jpg,637,971,862,C picks up a tray of dough from the conveyor belt and places it on the table. They then use their hands to shape the dough into balls and place them on the table. Another person walks by and helps C with the dough.,5025,499
output/frames/5025/img_000877.jpg,637,971,877,C picks up a tray of dough from the conveyor belt and places it on the table. They then use their hands to shape the dough into balls and place them on the table. Another person walks by and helps C with the dough.,5025,499
output/frames/5025/img_000892.jpg,637,971,892,C picks up a tray of dough from the conveyor belt and places it on the table. They then use their hands to shape the dough into balls and place them on the table. Another person walks by and helps C with the dough.,5025,499
output/frames/5025/img_000907.jpg,637,971,907,C picks up a tray of dough from the conveyor belt and places it on the table. They then use their hands to shape the dough into balls and place them on the table. Another person walks by and helps C with the dough.,5025,499
output/frames/5025/img_000922.jpg,637,971,922,C picks up a tray of dough from the conveyor belt and places it on the table. They then use their hands to shape the dough into balls and place them on the table. Another person walks by and helps C with the dough.,5025,499
output/frames/5025/img_000937.jpg,637,971,937,C picks up a tray of dough from the conveyor belt and places it on the table. They then use their hands to shape the dough into balls and place them on the table. Another person walks by and helps C with the dough.,5025,499
output/frames/5025/img_000952.jpg,637,971,952,C picks up a tray of dough from the conveyor belt and places it on the table. They then use their hands to shape the dough into balls and place them on the table. Another person walks by and helps C with the dough.,5025,499
output/frames/5025/img_000967.jpg,637,971,967,C picks up a tray of dough from the conveyor belt and places it on the table. They then use their hands to shape the dough into balls and place them on the table. Another person walks by and helps C with the dough.,5025,499
output/frames/5025/img_000972.jpg,972,1173,972,"C arranges the dough on the tray with their hands, then picks up a piece of dough and places it on the tray. C continues to arrange the dough on the tray, then picks up another piece of dough and places it on the tray.",5025,499
output/frames/5025/img_000974.jpg,972,1173,974,"C arranges the dough on the tray with their hands, then picks up a piece of dough and places it on the tray. C continues to arrange the dough on the tray, then picks up another piece of dough and places it on the tray.",5025,499
output/frames/5025/img_000976.jpg,972,1173,976,"C arranges the dough on the tray with their hands, then picks up a piece of dough and places it on the tray. C continues to arrange the dough on the tray, then picks up another piece of dough and places it on the tray.",5025,499
output/frames/5025/img_000978.jpg,972,1173,978,"C arranges the dough on the tray with their hands, then picks up a piece of dough and places it on the tray. C continues to arrange the dough on the tray, then picks up another piece of dough and places it on the tray.",5025,499
output/frames/5025/img_000980.jpg,972,1173,980,"C arranges the dough on the tray with their hands, then picks up a piece of dough and places it on the tray. C continues to arrange the dough on the tray, then picks up another piece of dough and places it on the tray.",5025,499
output/frames/5025/img_000982.jpg,972,1173,982,"C arranges the dough on the tray with their hands, then picks up a piece of dough and places it on the tray. C continues to arrange the dough on the tray, then picks up another piece of dough and places it on the tray.",5025,499
output/frames/5025/img_000984.jpg,972,1173,984,"C arranges the dough on the tray with their hands, then picks up a piece of dough and places it on the tray. C continues to arrange the dough on the tray, then picks up another piece of dough and places it on the tray.",5025,499
output/frames/5025/img_000986.jpg,972,1173,986,"C arranges the dough on the tray with their hands, then picks up a piece of dough and places it on the tray. C continues to arrange the dough on the tray, then picks up another piece of dough and places it on the tray.",5025,499
output/frames/5025/img_000988.jpg,972,1173,988,"C arranges the dough on the tray with their hands, then picks up a piece of dough and places it on the tray. C continues to arrange the dough on the tray, then picks up another piece of dough and places it on the tray.",5025,499
output/frames/5025/img_000990.jpg,972,1173,990,"C arranges the dough on the tray with their hands, then picks up a piece of dough and places it on the tray. C continues to arrange the dough on the tray, then picks up another piece of dough and places it on the tray.",5025,499
output/frames/5025/img_000992.jpg,972,1173,992,"C arranges the dough on the tray with their hands, then picks up a piece of dough and places it on the tray. C continues to arrange the dough on the tray, then picks up another piece of dough and places it on the tray.",5025,499
output/frames/5025/img_000994.jpg,972,1173,994,"C arranges the dough on the tray with their hands, then picks up a piece of dough and places it on the tray. C continues to arrange the dough on the tray, then picks up another piece of dough and places it on the tray.",5025,499
output/frames/5025/img_000996.jpg,972,1173,996,"C arranges the dough on the tray with their hands, then picks up a piece of dough and places it on the tray. C continues to arrange the dough on the tray, then picks up another piece of dough and places it on the tray.",5025,499
output/frames/5025/img_000998.jpg,972,1173,998,"C arranges the dough on the tray with their hands, then picks up a piece of dough and places it on the tray. C continues to arrange the dough on the tray, then picks up another piece of dough and places it on the tray.",5025,499
output/frames/5025/img_001000.jpg,972,1173,1000,"C arranges the dough on the tray with their hands, then picks up a piece of dough and places it on the tray. C continues to arrange the dough on the tray, then picks up another piece of dough and places it on the tray.",5025,499
output/frames/5025/img_001002.jpg,972,1173,1002,"C arranges the dough on the tray with their hands, then picks up a piece of dough and places it on the tray. C continues to arrange the dough on the tray, then picks up another piece of dough and places it on the tray.",5025,499
output/frames/5025/img_001004.jpg,972,1173,1004,"C arranges the dough on the tray with their hands, then picks up a piece of dough and places it on the tray. C continues to arrange the dough on the tray, then picks up another piece of dough and places it on the tray.",5025,499
output/frames/5025/img_001006.jpg,972,1173,1006,"C arranges the dough on the tray with their hands, then picks up a piece of dough and places it on the tray. C continues to arrange the dough on the tray, then picks up another piece of dough and places it on the tray.",5025,499
output/frames/5025/img_001008.jpg,972,1173,1008,"C arranges the dough on the tray with their hands, then picks up a piece of dough and places it on the tray. C continues to arrange the dough on the tray, then picks up another piece of dough and places it on the tray.",5025,499
output/frames/5025/img_001010.jpg,972,1173,1010,"C arranges the dough on the tray with their hands, then picks up a piece of dough and places it on the tray. C continues to arrange the dough on the tray, then picks up another piece of dough and places it on the tray.",5025,499
output/frames/5025/img_001012.jpg,972,1173,1012,"C arranges the dough on the tray with their hands, then picks up a piece of dough and places it on the tray. C continues to arrange the dough on the tray, then picks up another piece of dough and places it on the tray.",5025,499
output/frames/5025/img_001014.jpg,972,1173,1014,"C arranges the dough on the tray with their hands, then picks up a piece of dough and places it on the tray. C continues to arrange the dough on the tray, then picks up another piece of dough and places it on the tray.",5025,499
output/frames/5025/img_001016.jpg,972,1173,1016,"C arranges the dough on the tray with their hands, then picks up a piece of dough and places it on the tray. C continues to arrange the dough on the tray, then picks up another piece of dough and places it on the tray.",5025,499
output/frames/5025/img_001018.jpg,972,1173,1018,"C arranges the dough on the tray with their hands, then picks up a piece of dough and places it on the tray. C continues to arrange the dough on the tray, then picks up another piece of dough and places it on the tray.",5025,499
output/frames/5025/img_001020.jpg,972,1173,1020,"C arranges the dough on the tray with their hands, then picks up a piece of dough and places it on the tray. C continues to arrange the dough on the tray, then picks up another piece of dough and places it on the tray.",5025,499
output/frames/5025/img_001022.jpg,972,1173,1022,"C arranges the dough on the tray with their hands, then picks up a piece of dough and places it on the tray. C continues to arrange the dough on the tray, then picks up another piece of dough and places it on the tray.",5025,499
output/frames/5025/img_001024.jpg,972,1173,1024,"C arranges the dough on the tray with their hands, then picks up a piece of dough and places it on the tray. C continues to arrange the dough on the tray, then picks up another piece of dough and places it on the tray.",5025,499
output/frames/5025/img_001026.jpg,972,1173,1026,"C arranges the dough on the tray with their hands, then picks up a piece of dough and places it on the tray. C continues to arrange the dough on the tray, then picks up another piece of dough and places it on the tray.",5025,499
output/frames/5025/img_001028.jpg,972,1173,1028,"C arranges the dough on the tray with their hands, then picks up a piece of dough and places it on the tray. C continues to arrange the dough on the tray, then picks up another piece of dough and places it on the tray.",5025,499
output/frames/5025/img_001030.jpg,972,1173,1030,"C arranges the dough on the tray with their hands, then picks up a piece of dough and places it on the tray. C continues to arrange the dough on the tray, then picks up another piece of dough and places it on the tray.",5025,499
output/frames/5025/img_001032.jpg,972,1173,1032,"C arranges the dough on the tray with their hands, then picks up a piece of dough and places it on the tray. C continues to arrange the dough on the tray, then picks up another piece of dough and places it on the tray.",5025,499
output/frames/5025/img_001034.jpg,972,1173,1034,"C arranges the dough on the tray with their hands, then picks up a piece of dough and places it on the tray. C continues to arrange the dough on the tray, then picks up another piece of dough and places it on the tray.",5025,499
output/frames/5025/img_001036.jpg,972,1173,1036,"C arranges the dough on the tray with their hands, then picks up a piece of dough and places it on the tray. C continues to arrange the dough on the tray, then picks up another piece of dough and places it on the tray.",5025,499
output/frames/5025/img_001038.jpg,972,1173,1038,"C arranges the dough on the tray with their hands, then picks up a piece of dough and places it on the tray. C continues to arrange the dough on the tray, then picks up another piece of dough and places it on the tray.",5025,499
output/frames/5025/img_001040.jpg,972,1173,1040,"C arranges the dough on the tray with their hands, then picks up a piece of dough and places it on the tray. C continues to arrange the dough on the tray, then picks up another piece of dough and places it on the tray.",5025,499
output/frames/5025/img_001042.jpg,972,1173,1042,"C arranges the dough on the tray with their hands, then picks up a piece of dough and places it on the tray. C continues to arrange the dough on the tray, then picks up another piece of dough and places it on the tray.",5025,499
output/frames/5025/img_001044.jpg,972,1173,1044,"C arranges the dough on the tray with their hands, then picks up a piece of dough and places it on the tray. C continues to arrange the dough on the tray, then picks up another piece of dough and places it on the tray.",5025,499
output/frames/5025/img_001046.jpg,972,1173,1046,"C arranges the dough on the tray with their hands, then picks up a piece of dough and places it on the tray. C continues to arrange the dough on the tray, then picks up another piece of dough and places it on the tray.",5025,499
output/frames/5025/img_001048.jpg,972,1173,1048,"C arranges the dough on the tray with their hands, then picks up a piece of dough and places it on the tray. C continues to arrange the dough on the tray, then picks up another piece of dough and places it on the tray.",5025,499
output/frames/5025/img_001050.jpg,972,1173,1050,"C arranges the dough on the tray with their hands, then picks up a piece of dough and places it on the tray. C continues to arrange the dough on the tray, then picks up another piece of dough and places it on the tray.",5025,499
output/frames/5025/img_001052.jpg,972,1173,1052,"C arranges the dough on the tray with their hands, then picks up a piece of dough and places it on the tray. C continues to arrange the dough on the tray, then picks up another piece of dough and places it on the tray.",5025,499
output/frames/5025/img_001054.jpg,972,1173,1054,"C arranges the dough on the tray with their hands, then picks up a piece of dough and places it on the tray. C continues to arrange the dough on the tray, then picks up another piece of dough and places it on the tray.",5025,499
output/frames/5025/img_001056.jpg,972,1173,1056,"C arranges the dough on the tray with their hands, then picks up a piece of dough and places it on the tray. C continues to arrange the dough on the tray, then picks up another piece of dough and places it on the tray.",5025,499
output/frames/5025/img_001058.jpg,972,1173,1058,"C arranges the dough on the tray with their hands, then picks up a piece of dough and places it on the tray. C continues to arrange the dough on the tray, then picks up another piece of dough and places it on the tray.",5025,499
output/frames/5025/img_001060.jpg,972,1173,1060,"C arranges the dough on the tray with their hands, then picks up a piece of dough and places it on the tray. C continues to arrange the dough on the tray, then picks up another piece of dough and places it on the tray.",5025,499
output/frames/5025/img_001062.jpg,972,1173,1062,"C arranges the dough on the tray with their hands, then picks up a piece of dough and places it on the tray. C continues to arrange the dough on the tray, then picks up another piece of dough and places it on the tray.",5025,499
output/frames/5025/img_001064.jpg,972,1173,1064,"C arranges the dough on the tray with their hands, then picks up a piece of dough and places it on the tray. C continues to arrange the dough on the tray, then picks up another piece of dough and places it on the tray.",5025,499
output/frames/5025/img_001066.jpg,972,1173,1066,"C arranges the dough on the tray with their hands, then picks up a piece of dough and places it on the tray. C continues to arrange the dough on the tray, then picks up another piece of dough and places it on the tray.",5025,499
output/frames/5025/img_001068.jpg,972,1173,1068,"C arranges the dough on the tray with their hands, then picks up a piece of dough and places it on the tray. C continues to arrange the dough on the tray, then picks up another piece of dough and places it on the tray.",5025,499
output/frames/5025/img_001070.jpg,972,1173,1070,"C arranges the dough on the tray with their hands, then picks up a piece of dough and places it on the tray. C continues to arrange the dough on the tray, then picks up another piece of dough and places it on the tray.",5025,499
output/frames/5025/img_001072.jpg,972,1173,1072,"C arranges the dough on the tray with their hands, then picks up a piece of dough and places it on the tray. C continues to arrange the dough on the tray, then picks up another piece of dough and places it on the tray.",5025,499
output/frames/5025/img_001074.jpg,972,1173,1074,"C arranges the dough on the tray with their hands, then picks up a piece of dough and places it on the tray. C continues to arrange the dough on the tray, then picks up another piece of dough and places it on the tray.",5025,499
output/frames/5025/img_001076.jpg,972,1173,1076,"C arranges the dough on the tray with their hands, then picks up a piece of dough and places it on the tray. C continues to arrange the dough on the tray, then picks up another piece of dough and places it on the tray.",5025,499
output/frames/5025/img_001078.jpg,972,1173,1078,"C arranges the dough on the tray with their hands, then picks up a piece of dough and places it on the tray. C continues to arrange the dough on the tray, then picks up another piece of dough and places it on the tray.",5025,499
output/frames/5025/img_001080.jpg,972,1173,1080,"C arranges the dough on the tray with their hands, then picks up a piece of dough and places it on the tray. C continues to arrange the dough on the tray, then picks up another piece of dough and places it on the tray.",5025,499
output/frames/5025/img_001082.jpg,972,1173,1082,"C arranges the dough on the tray with their hands, then picks up a piece of dough and places it on the tray. C continues to arrange the dough on the tray, then picks up another piece of dough and places it on the tray.",5025,499
output/frames/5025/img_001084.jpg,972,1173,1084,"C arranges the dough on the tray with their hands, then picks up a piece of dough and places it on the tray. C continues to arrange the dough on the tray, then picks up another piece of dough and places it on the tray.",5025,499
output/frames/5025/img_001086.jpg,972,1173,1086,"C arranges the dough on the tray with their hands, then picks up a piece of dough and places it on the tray. C continues to arrange the dough on the tray, then picks up another piece of dough and places it on the tray.",5025,499
output/frames/5025/img_001088.jpg,972,1173,1088,"C arranges the dough on the tray with their hands, then picks up a piece of dough and places it on the tray. C continues to arrange the dough on the tray, then picks up another piece of dough and places it on the tray.",5025,499
output/frames/5025/img_001090.jpg,972,1173,1090,"C arranges the dough on the tray with their hands, then picks up a piece of dough and places it on the tray. C continues to arrange the dough on the tray, then picks up another piece of dough and places it on the tray.",5025,499
output/frames/5025/img_001092.jpg,972,1173,1092,"C arranges the dough on the tray with their hands, then picks up a piece of dough and places it on the tray. C continues to arrange the dough on the tray, then picks up another piece of dough and places it on the tray.",5025,499
output/frames/5025/img_001094.jpg,972,1173,1094,"C arranges the dough on the tray with their hands, then picks up a piece of dough and places it on the tray. C continues to arrange the dough on the tray, then picks up another piece of dough and places it on the tray.",5025,499
output/frames/5025/img_001096.jpg,972,1173,1096,"C arranges the dough on the tray with their hands, then picks up a piece of dough and places it on the tray. C continues to arrange the dough on the tray, then picks up another piece of dough and places it on the tray.",5025,499
output/frames/5025/img_001098.jpg,972,1173,1098,"C arranges the dough on the tray with their hands, then picks up a piece of dough and places it on the tray. C continues to arrange the dough on the tray, then picks up another piece of dough and places it on the tray.",5025,499
output/frames/5025/img_001100.jpg,972,1173,1100,"C arranges the dough on the tray with their hands, then picks up a piece of dough and places it on the tray. C continues to arrange the dough on the tray, then picks up another piece of dough and places it on the tray.",5025,499
output/frames/5025/img_001102.jpg,972,1173,1102,"C arranges the dough on the tray with their hands, then picks up a piece of dough and places it on the tray. C continues to arrange the dough on the tray, then picks up another piece of dough and places it on the tray.",5025,499
output/frames/5025/img_001104.jpg,972,1173,1104,"C arranges the dough on the tray with their hands, then picks up a piece of dough and places it on the tray. C continues to arrange the dough on the tray, then picks up another piece of dough and places it on the tray.",5025,499
output/frames/5025/img_001106.jpg,972,1173,1106,"C arranges the dough on the tray with their hands, then picks up a piece of dough and places it on the tray. C continues to arrange the dough on the tray, then picks up another piece of dough and places it on the tray.",5025,499
output/frames/5025/img_001108.jpg,972,1173,1108,"C arranges the dough on the tray with their hands, then picks up a piece of dough and places it on the tray. C continues to arrange the dough on the tray, then picks up another piece of dough and places it on the tray.",5025,499
output/frames/5025/img_001110.jpg,972,1173,1110,"C arranges the dough on the tray with their hands, then picks up a piece of dough and places it on the tray. C continues to arrange the dough on the tray, then picks up another piece of dough and places it on the tray.",5025,499
output/frames/5025/img_001112.jpg,972,1173,1112,"C arranges the dough on the tray with their hands, then picks up a piece of dough and places it on the tray. C continues to arrange the dough on the tray, then picks up another piece of dough and places it on the tray.",5025,499
output/frames/5025/img_001114.jpg,972,1173,1114,"C arranges the dough on the tray with their hands, then picks up a piece of dough and places it on the tray. C continues to arrange the dough on the tray, then picks up another piece of dough and places it on the tray.",5025,499
output/frames/5025/img_001116.jpg,972,1173,1116,"C arranges the dough on the tray with their hands, then picks up a piece of dough and places it on the tray. C continues to arrange the dough on the tray, then picks up another piece of dough and places it on the tray.",5025,499
output/frames/5025/img_001118.jpg,972,1173,1118,"C arranges the dough on the tray with their hands, then picks up a piece of dough and places it on the tray. C continues to arrange the dough on the tray, then picks up another piece of dough and places it on the tray.",5025,499
output/frames/5025/img_001120.jpg,972,1173,1120,"C arranges the dough on the tray with their hands, then picks up a piece of dough and places it on the tray. C continues to arrange the dough on the tray, then picks up another piece of dough and places it on the tray.",5025,499
output/frames/5025/img_001122.jpg,972,1173,1122,"C arranges the dough on the tray with their hands, then picks up a piece of dough and places it on the tray. C continues to arrange the dough on the tray, then picks up another piece of dough and places it on the tray.",5025,499
output/frames/5025/img_001124.jpg,972,1173,1124,"C arranges the dough on the tray with their hands, then picks up a piece of dough and places it on the tray. C continues to arrange the dough on the tray, then picks up another piece of dough and places it on the tray.",5025,499
output/frames/5025/img_001126.jpg,972,1173,1126,"C arranges the dough on the tray with their hands, then picks up a piece of dough and places it on the tray. C continues to arrange the dough on the tray, then picks up another piece of dough and places it on the tray.",5025,499
output/frames/5025/img_001128.jpg,972,1173,1128,"C arranges the dough on the tray with their hands, then picks up a piece of dough and places it on the tray. C continues to arrange the dough on the tray, then picks up another piece of dough and places it on the tray.",5025,499
output/frames/5025/img_001130.jpg,972,1173,1130,"C arranges the dough on the tray with their hands, then picks up a piece of dough and places it on the tray. C continues to arrange the dough on the tray, then picks up another piece of dough and places it on the tray.",5025,499
output/frames/5025/img_001132.jpg,972,1173,1132,"C arranges the dough on the tray with their hands, then picks up a piece of dough and places it on the tray. C continues to arrange the dough on the tray, then picks up another piece of dough and places it on the tray.",5025,499
output/frames/5025/img_001134.jpg,972,1173,1134,"C arranges the dough on the tray with their hands, then picks up a piece of dough and places it on the tray. C continues to arrange the dough on the tray, then picks up another piece of dough and places it on the tray.",5025,499
output/frames/5025/img_001136.jpg,972,1173,1136,"C arranges the dough on the tray with their hands, then picks up a piece of dough and places it on the tray. C continues to arrange the dough on the tray, then picks up another piece of dough and places it on the tray.",5025,499
output/frames/5025/img_001138.jpg,972,1173,1138,"C arranges the dough on the tray with their hands, then picks up a piece of dough and places it on the tray. C continues to arrange the dough on the tray, then picks up another piece of dough and places it on the tray.",5025,499
output/frames/5025/img_001140.jpg,972,1173,1140,"C arranges the dough on the tray with their hands, then picks up a piece of dough and places it on the tray. C continues to arrange the dough on the tray, then picks up another piece of dough and places it on the tray.",5025,499
output/frames/5025/img_001142.jpg,972,1173,1142,"C arranges the dough on the tray with their hands, then picks up a piece of dough and places it on the tray. C continues to arrange the dough on the tray, then picks up another piece of dough and places it on the tray.",5025,499
output/frames/5025/img_001144.jpg,972,1173,1144,"C arranges the dough on the tray with their hands, then picks up a piece of dough and places it on the tray. C continues to arrange the dough on the tray, then picks up another piece of dough and places it on the tray.",5025,499
output/frames/5025/img_001146.jpg,972,1173,1146,"C arranges the dough on the tray with their hands, then picks up a piece of dough and places it on the tray. C continues to arrange the dough on the tray, then picks up another piece of dough and places it on the tray.",5025,499
output/frames/5025/img_001148.jpg,972,1173,1148,"C arranges the dough on the tray with their hands, then picks up a piece of dough and places it on the tray. C continues to arrange the dough on the tray, then picks up another piece of dough and places it on the tray.",5025,499
output/frames/5025/img_001150.jpg,972,1173,1150,"C arranges the dough on the tray with their hands, then picks up a piece of dough and places it on the tray. C continues to arrange the dough on the tray, then picks up another piece of dough and places it on the tray.",5025,499
output/frames/5025/img_001152.jpg,972,1173,1152,"C arranges the dough on the tray with their hands, then picks up a piece of dough and places it on the tray. C continues to arrange the dough on the tray, then picks up another piece of dough and places it on the tray.",5025,499
output/frames/5025/img_001154.jpg,972,1173,1154,"C arranges the dough on the tray with their hands, then picks up a piece of dough and places it on the tray. C continues to arrange the dough on the tray, then picks up another piece of dough and places it on the tray.",5025,499
output/frames/5025/img_001156.jpg,972,1173,1156,"C arranges the dough on the tray with their hands, then picks up a piece of dough and places it on the tray. C continues to arrange the dough on the tray, then picks up another piece of dough and places it on the tray.",5025,499
output/frames/5025/img_001158.jpg,972,1173,1158,"C arranges the dough on the tray with their hands, then picks up a piece of dough and places it on the tray. C continues to arrange the dough on the tray, then picks up another piece of dough and places it on the tray.",5025,499
output/frames/5025/img_001160.jpg,972,1173,1160,"C arranges the dough on the tray with their hands, then picks up a piece of dough and places it on the tray. C continues to arrange the dough on the tray, then picks up another piece of dough and places it on the tray.",5025,499
output/frames/5025/img_001162.jpg,972,1173,1162,"C arranges the dough on the tray with their hands, then picks up a piece of dough and places it on the tray. C continues to arrange the dough on the tray, then picks up another piece of dough and places it on the tray.",5025,499
output/frames/5025/img_001164.jpg,972,1173,1164,"C arranges the dough on the tray with their hands, then picks up a piece of dough and places it on the tray. C continues to arrange the dough on the tray, then picks up another piece of dough and places it on the tray.",5025,499
output/frames/5025/img_001166.jpg,972,1173,1166,"C arranges the dough on the tray with their hands, then picks up a piece of dough and places it on the tray. C continues to arrange the dough on the tray, then picks up another piece of dough and places it on the tray.",5025,499
output/frames/5025/img_001168.jpg,972,1173,1168,"C arranges the dough on the tray with their hands, then picks up a piece of dough and places it on the tray. C continues to arrange the dough on the tray, then picks up another piece of dough and places it on the tray.",5025,499
output/frames/5025/img_001170.jpg,972,1173,1170,"C arranges the dough on the tray with their hands, then picks up a piece of dough and places it on the tray. C continues to arrange the dough on the tray, then picks up another piece of dough and places it on the tray.",5025,499
output/frames/5025/img_001172.jpg,972,1173,1172,"C arranges the dough on the tray with their hands, then picks up a piece of dough and places it on the tray. C continues to arrange the dough on the tray, then picks up another piece of dough and places it on the tray.",5025,499
output/frames/5025/img_001174.jpg,1174,1343,1174,C places the tray of dough on the table and begins to spread flour on the table. C picks up a piece of dough and rolls it between their hands. C then places the dough on the table and continues to spread flour on the table.,5025,499
output/frames/5025/img_001177.jpg,1174,1343,1177,C places the tray of dough on the table and begins to spread flour on the table. C picks up a piece of dough and rolls it between their hands. C then places the dough on the table and continues to spread flour on the table.,5025,499
output/frames/5025/img_001180.jpg,1174,1343,1180,C places the tray of dough on the table and begins to spread flour on the table. C picks up a piece of dough and rolls it between their hands. C then places the dough on the table and continues to spread flour on the table.,5025,499
output/frames/5025/img_001183.jpg,1174,1343,1183,C places the tray of dough on the table and begins to spread flour on the table. C picks up a piece of dough and rolls it between their hands. C then places the dough on the table and continues to spread flour on the table.,5025,499
output/frames/5025/img_001186.jpg,1174,1343,1186,C places the tray of dough on the table and begins to spread flour on the table. C picks up a piece of dough and rolls it between their hands. C then places the dough on the table and continues to spread flour on the table.,5025,499
output/frames/5025/img_001189.jpg,1174,1343,1189,C places the tray of dough on the table and begins to spread flour on the table. C picks up a piece of dough and rolls it between their hands. C then places the dough on the table and continues to spread flour on the table.,5025,499
output/frames/5025/img_001192.jpg,1174,1343,1192,C places the tray of dough on the table and begins to spread flour on the table. C picks up a piece of dough and rolls it between their hands. C then places the dough on the table and continues to spread flour on the table.,5025,499
output/frames/5025/img_001195.jpg,1174,1343,1195,C places the tray of dough on the table and begins to spread flour on the table. C picks up a piece of dough and rolls it between their hands. C then places the dough on the table and continues to spread flour on the table.,5025,499
output/frames/5025/img_001198.jpg,1174,1343,1198,C places the tray of dough on the table and begins to spread flour on the table. C picks up a piece of dough and rolls it between their hands. C then places the dough on the table and continues to spread flour on the table.,5025,499
output/frames/5025/img_001201.jpg,1174,1343,1201,C places the tray of dough on the table and begins to spread flour on the table. C picks up a piece of dough and rolls it between their hands. C then places the dough on the table and continues to spread flour on the table.,5025,499
output/frames/5025/img_001204.jpg,1174,1343,1204,C places the tray of dough on the table and begins to spread flour on the table. C picks up a piece of dough and rolls it between their hands. C then places the dough on the table and continues to spread flour on the table.,5025,499
output/frames/5025/img_001207.jpg,1174,1343,1207,C places the tray of dough on the table and begins to spread flour on the table. C picks up a piece of dough and rolls it between their hands. C then places the dough on the table and continues to spread flour on the table.,5025,499
output/frames/5025/img_001210.jpg,1174,1343,1210,C places the tray of dough on the table and begins to spread flour on the table. C picks up a piece of dough and rolls it between their hands. C then places the dough on the table and continues to spread flour on the table.,5025,499
output/frames/5025/img_001213.jpg,1174,1343,1213,C places the tray of dough on the table and begins to spread flour on the table. C picks up a piece of dough and rolls it between their hands. C then places the dough on the table and continues to spread flour on the table.,5025,499
output/frames/5025/img_001216.jpg,1174,1343,1216,C places the tray of dough on the table and begins to spread flour on the table. C picks up a piece of dough and rolls it between their hands. C then places the dough on the table and continues to spread flour on the table.,5025,499
output/frames/5025/img_001219.jpg,1174,1343,1219,C places the tray of dough on the table and begins to spread flour on the table. C picks up a piece of dough and rolls it between their hands. C then places the dough on the table and continues to spread flour on the table.,5025,499
output/frames/5025/img_001222.jpg,1174,1343,1222,C places the tray of dough on the table and begins to spread flour on the table. C picks up a piece of dough and rolls it between their hands. C then places the dough on the table and continues to spread flour on the table.,5025,499
output/frames/5025/img_001225.jpg,1174,1343,1225,C places the tray of dough on the table and begins to spread flour on the table. C picks up a piece of dough and rolls it between their hands. C then places the dough on the table and continues to spread flour on the table.,5025,499
output/frames/5025/img_001228.jpg,1174,1343,1228,C places the tray of dough on the table and begins to spread flour on the table. C picks up a piece of dough and rolls it between their hands. C then places the dough on the table and continues to spread flour on the table.,5025,499
output/frames/5025/img_001231.jpg,1174,1343,1231,C places the tray of dough on the table and begins to spread flour on the table. C picks up a piece of dough and rolls it between their hands. C then places the dough on the table and continues to spread flour on the table.,5025,499
output/frames/5025/img_001234.jpg,1174,1343,1234,C places the tray of dough on the table and begins to spread flour on the table. C picks up a piece of dough and rolls it between their hands. C then places the dough on the table and continues to spread flour on the table.,5025,499
output/frames/5025/img_001237.jpg,1174,1343,1237,C places the tray of dough on the table and begins to spread flour on the table. C picks up a piece of dough and rolls it between their hands. C then places the dough on the table and continues to spread flour on the table.,5025,499
output/frames/5025/img_001240.jpg,1174,1343,1240,C places the tray of dough on the table and begins to spread flour on the table. C picks up a piece of dough and rolls it between their hands. C then places the dough on the table and continues to spread flour on the table.,5025,499
output/frames/5025/img_001243.jpg,1174,1343,1243,C places the tray of dough on the table and begins to spread flour on the table. C picks up a piece of dough and rolls it between their hands. C then places the dough on the table and continues to spread flour on the table.,5025,499
output/frames/5025/img_001246.jpg,1174,1343,1246,C places the tray of dough on the table and begins to spread flour on the table. C picks up a piece of dough and rolls it between their hands. C then places the dough on the table and continues to spread flour on the table.,5025,499
output/frames/5025/img_001249.jpg,1174,1343,1249,C places the tray of dough on the table and begins to spread flour on the table. C picks up a piece of dough and rolls it between their hands. C then places the dough on the table and continues to spread flour on the table.,5025,499
output/frames/5025/img_001252.jpg,1174,1343,1252,C places the tray of dough on the table and begins to spread flour on the table. C picks up a piece of dough and rolls it between their hands. C then places the dough on the table and continues to spread flour on the table.,5025,499
output/frames/5025/img_001255.jpg,1174,1343,1255,C places the tray of dough on the table and begins to spread flour on the table. C picks up a piece of dough and rolls it between their hands. C then places the dough on the table and continues to spread flour on the table.,5025,499
output/frames/5025/img_001258.jpg,1174,1343,1258,C places the tray of dough on the table and begins to spread flour on the table. C picks up a piece of dough and rolls it between their hands. C then places the dough on the table and continues to spread flour on the table.,5025,499
output/frames/5025/img_001261.jpg,1174,1343,1261,C places the tray of dough on the table and begins to spread flour on the table. C picks up a piece of dough and rolls it between their hands. C then places the dough on the table and continues to spread flour on the table.,5025,499
output/frames/5025/img_001264.jpg,1174,1343,1264,C places the tray of dough on the table and begins to spread flour on the table. C picks up a piece of dough and rolls it between their hands. C then places the dough on the table and continues to spread flour on the table.,5025,499
output/frames/5025/img_001267.jpg,1174,1343,1267,C places the tray of dough on the table and begins to spread flour on the table. C picks up a piece of dough and rolls it between their hands. C then places the dough on the table and continues to spread flour on the table.,5025,499
output/frames/5025/img_001270.jpg,1174,1343,1270,C places the tray of dough on the table and begins to spread flour on the table. C picks up a piece of dough and rolls it between their hands. C then places the dough on the table and continues to spread flour on the table.,5025,499
output/frames/5025/img_001273.jpg,1174,1343,1273,C places the tray of dough on the table and begins to spread flour on the table. C picks up a piece of dough and rolls it between their hands. C then places the dough on the table and continues to spread flour on the table.,5025,499
output/frames/5025/img_001276.jpg,1174,1343,1276,C places the tray of dough on the table and begins to spread flour on the table. C picks up a piece of dough and rolls it between their hands. C then places the dough on the table and continues to spread flour on the table.,5025,499
output/frames/5025/img_001279.jpg,1174,1343,1279,C places the tray of dough on the table and begins to spread flour on the table. C picks up a piece of dough and rolls it between their hands. C then places the dough on the table and continues to spread flour on the table.,5025,499
output/frames/5025/img_001282.jpg,1174,1343,1282,C places the tray of dough on the table and begins to spread flour on the table. C picks up a piece of dough and rolls it between their hands. C then places the dough on the table and continues to spread flour on the table.,5025,499
output/frames/5025/img_001285.jpg,1174,1343,1285,C places the tray of dough on the table and begins to spread flour on the table. C picks up a piece of dough and rolls it between their hands. C then places the dough on the table and continues to spread flour on the table.,5025,499
output/frames/5025/img_001288.jpg,1174,1343,1288,C places the tray of dough on the table and begins to spread flour on the table. C picks up a piece of dough and rolls it between their hands. C then places the dough on the table and continues to spread flour on the table.,5025,499
output/frames/5025/img_001291.jpg,1174,1343,1291,C places the tray of dough on the table and begins to spread flour on the table. C picks up a piece of dough and rolls it between their hands. C then places the dough on the table and continues to spread flour on the table.,5025,499
output/frames/5025/img_001294.jpg,1174,1343,1294,C places the tray of dough on the table and begins to spread flour on the table. C picks up a piece of dough and rolls it between their hands. C then places the dough on the table and continues to spread flour on the table.,5025,499
output/frames/5025/img_001297.jpg,1174,1343,1297,C places the tray of dough on the table and begins to spread flour on the table. C picks up a piece of dough and rolls it between their hands. C then places the dough on the table and continues to spread flour on the table.,5025,499
output/frames/5025/img_001300.jpg,1174,1343,1300,C places the tray of dough on the table and begins to spread flour on the table. C picks up a piece of dough and rolls it between their hands. C then places the dough on the table and continues to spread flour on the table.,5025,499
output/frames/5025/img_001303.jpg,1174,1343,1303,C places the tray of dough on the table and begins to spread flour on the table. C picks up a piece of dough and rolls it between their hands. C then places the dough on the table and continues to spread flour on the table.,5025,499
output/frames/5025/img_001306.jpg,1174,1343,1306,C places the tray of dough on the table and begins to spread flour on the table. C picks up a piece of dough and rolls it between their hands. C then places the dough on the table and continues to spread flour on the table.,5025,499
output/frames/5025/img_001309.jpg,1174,1343,1309,C places the tray of dough on the table and begins to spread flour on the table. C picks up a piece of dough and rolls it between their hands. C then places the dough on the table and continues to spread flour on the table.,5025,499
output/frames/5025/img_001312.jpg,1174,1343,1312,C places the tray of dough on the table and begins to spread flour on the table. C picks up a piece of dough and rolls it between their hands. C then places the dough on the table and continues to spread flour on the table.,5025,499
output/frames/5025/img_001315.jpg,1174,1343,1315,C places the tray of dough on the table and begins to spread flour on the table. C picks up a piece of dough and rolls it between their hands. C then places the dough on the table and continues to spread flour on the table.,5025,499
output/frames/5025/img_001318.jpg,1174,1343,1318,C places the tray of dough on the table and begins to spread flour on the table. C picks up a piece of dough and rolls it between their hands. C then places the dough on the table and continues to spread flour on the table.,5025,499
output/frames/5025/img_001321.jpg,1174,1343,1321,C places the tray of dough on the table and begins to spread flour on the table. C picks up a piece of dough and rolls it between their hands. C then places the dough on the table and continues to spread flour on the table.,5025,499
output/frames/5025/img_001324.jpg,1174,1343,1324,C places the tray of dough on the table and begins to spread flour on the table. C picks up a piece of dough and rolls it between their hands. C then places the dough on the table and continues to spread flour on the table.,5025,499
output/frames/5025/img_001327.jpg,1174,1343,1327,C places the tray of dough on the table and begins to spread flour on the table. C picks up a piece of dough and rolls it between their hands. C then places the dough on the table and continues to spread flour on the table.,5025,499
output/frames/5025/img_001330.jpg,1174,1343,1330,C places the tray of dough on the table and begins to spread flour on the table. C picks up a piece of dough and rolls it between their hands. C then places the dough on the table and continues to spread flour on the table.,5025,499
output/frames/5025/img_001333.jpg,1174,1343,1333,C places the tray of dough on the table and begins to spread flour on the table. C picks up a piece of dough and rolls it between their hands. C then places the dough on the table and continues to spread flour on the table.,5025,499
output/frames/5025/img_001336.jpg,1174,1343,1336,C places the tray of dough on the table and begins to spread flour on the table. C picks up a piece of dough and rolls it between their hands. C then places the dough on the table and continues to spread flour on the table.,5025,499
output/frames/5025/img_001339.jpg,1174,1343,1339,C places the tray of dough on the table and begins to spread flour on the table. C picks up a piece of dough and rolls it between their hands. C then places the dough on the table and continues to spread flour on the table.,5025,499
output/frames/5025/img_001342.jpg,1174,1343,1342,C places the tray of dough on the table and begins to spread flour on the table. C picks up a piece of dough and rolls it between their hands. C then places the dough on the table and continues to spread flour on the table.,5025,499
output/frames/5025/img_001344.jpg,1344,1622,1344,"C picks up a piece of dough from the tray and places it on the table. They then roll the dough between their hands and place it back on the tray. C continues to work with the dough, occasionally looking up and speaking to the other person.",5025,499
output/frames/5025/img_001464.jpg,1344,1622,1464,"C picks up a piece of dough from the tray and places it on the table. They then roll the dough between their hands and place it back on the tray. C continues to work with the dough, occasionally looking up and speaking to the other person.",5025,499
output/frames/5025/img_001584.jpg,1344,1622,1584,"C picks up a piece of dough from the tray and places it on the table. They then roll the dough between their hands and place it back on the tray. C continues to work with the dough, occasionally looking up and speaking to the other person.",5025,499
output/frames/5025/img_001623.jpg,1623,1919,1623,"C arranges the dough on the table, then picks up a tray of dough and places it on the table. C continues to arrange the dough on the table, then picks up a tray of dough and places it on the table.",5025,499
output/frames/5025/img_001638.jpg,1623,1919,1638,"C arranges the dough on the table, then picks up a tray of dough and places it on the table. C continues to arrange the dough on the table, then picks up a tray of dough and places it on the table.",5025,499
output/frames/5025/img_001653.jpg,1623,1919,1653,"C arranges the dough on the table, then picks up a tray of dough and places it on the table. C continues to arrange the dough on the table, then picks up a tray of dough and places it on the table.",5025,499
output/frames/5025/img_001668.jpg,1623,1919,1668,"C arranges the dough on the table, then picks up a tray of dough and places it on the table. C continues to arrange the dough on the table, then picks up a tray of dough and places it on the table.",5025,499
output/frames/5025/img_001683.jpg,1623,1919,1683,"C arranges the dough on the table, then picks up a tray of dough and places it on the table. C continues to arrange the dough on the table, then picks up a tray of dough and places it on the table.",5025,499
output/frames/5025/img_001698.jpg,1623,1919,1698,"C arranges the dough on the table, then picks up a tray of dough and places it on the table. C continues to arrange the dough on the table, then picks up a tray of dough and places it on the table.",5025,499
output/frames/5025/img_001713.jpg,1623,1919,1713,"C arranges the dough on the table, then picks up a tray of dough and places it on the table. C continues to arrange the dough on the table, then picks up a tray of dough and places it on the table.",5025,499
output/frames/5025/img_001728.jpg,1623,1919,1728,"C arranges the dough on the table, then picks up a tray of dough and places it on the table. C continues to arrange the dough on the table, then picks up a tray of dough and places it on the table.",5025,499
output/frames/5025/img_001743.jpg,1623,1919,1743,"C arranges the dough on the table, then picks up a tray of dough and places it on the table. C continues to arrange the dough on the table, then picks up a tray of dough and places it on the table.",5025,499
output/frames/5025/img_001758.jpg,1623,1919,1758,"C arranges the dough on the table, then picks up a tray of dough and places it on the table. C continues to arrange the dough on the table, then picks up a tray of dough and places it on the table.",5025,499
output/frames/5025/img_001773.jpg,1623,1919,1773,"C arranges the dough on the table, then picks up a tray of dough and places it on the table. C continues to arrange the dough on the table, then picks up a tray of dough and places it on the table.",5025,499
output/frames/5025/img_001788.jpg,1623,1919,1788,"C arranges the dough on the table, then picks up a tray of dough and places it on the table. C continues to arrange the dough on the table, then picks up a tray of dough and places it on the table.",5025,499
output/frames/5025/img_001803.jpg,1623,1919,1803,"C arranges the dough on the table, then picks up a tray of dough and places it on the table. C continues to arrange the dough on the table, then picks up a tray of dough and places it on the table.",5025,499
output/frames/5025/img_001818.jpg,1623,1919,1818,"C arranges the dough on the table, then picks up a tray of dough and places it on the table. C continues to arrange the dough on the table, then picks up a tray of dough and places it on the table.",5025,499
output/frames/5025/img_001833.jpg,1623,1919,1833,"C arranges the dough on the table, then picks up a tray of dough and places it on the table. C continues to arrange the dough on the table, then picks up a tray of dough and places it on the table.",5025,499
output/frames/5025/img_001848.jpg,1623,1919,1848,"C arranges the dough on the table, then picks up a tray of dough and places it on the table. C continues to arrange the dough on the table, then picks up a tray of dough and places it on the table.",5025,499
output/frames/5025/img_001863.jpg,1623,1919,1863,"C arranges the dough on the table, then picks up a tray of dough and places it on the table. C continues to arrange the dough on the table, then picks up a tray of dough and places it on the table.",5025,499
output/frames/5025/img_001878.jpg,1623,1919,1878,"C arranges the dough on the table, then picks up a tray of dough and places it on the table. C continues to arrange the dough on the table, then picks up a tray of dough and places it on the table.",5025,499
output/frames/5025/img_001893.jpg,1623,1919,1893,"C arranges the dough on the table, then picks up a tray of dough and places it on the table. C continues to arrange the dough on the table, then picks up a tray of dough and places it on the table.",5025,499
output/frames/5025/img_001908.jpg,1623,1919,1908,"C arranges the dough on the table, then picks up a tray of dough and places it on the table. C continues to arrange the dough on the table, then picks up a tray of dough and places it on the table.",5025,499
output/frames/5025/img_001920.jpg,1920,2340,1920,C places the dough on a tray and then moves to the oven. C picks up a tray with dough and places it on the oven. C then walks to the oven and opens the oven door.,5025,499
output/frames/5025/img_001930.jpg,1920,2340,1930,C places the dough on a tray and then moves to the oven. C picks up a tray with dough and places it on the oven. C then walks to the oven and opens the oven door.,5025,499
output/frames/5025/img_001940.jpg,1920,2340,1940,C places the dough on a tray and then moves to the oven. C picks up a tray with dough and places it on the oven. C then walks to the oven and opens the oven door.,5025,499
output/frames/5025/img_001950.jpg,1920,2340,1950,C places the dough on a tray and then moves to the oven. C picks up a tray with dough and places it on the oven. C then walks to the oven and opens the oven door.,5025,499
output/frames/5025/img_001960.jpg,1920,2340,1960,C places the dough on a tray and then moves to the oven. C picks up a tray with dough and places it on the oven. C then walks to the oven and opens the oven door.,5025,499
output/frames/5025/img_001970.jpg,1920,2340,1970,C places the dough on a tray and then moves to the oven. C picks up a tray with dough and places it on the oven. C then walks to the oven and opens the oven door.,5025,499
output/frames/5025/img_001980.jpg,1920,2340,1980,C places the dough on a tray and then moves to the oven. C picks up a tray with dough and places it on the oven. C then walks to the oven and opens the oven door.,5025,499
output/frames/5025/img_001990.jpg,1920,2340,1990,C places the dough on a tray and then moves to the oven. C picks up a tray with dough and places it on the oven. C then walks to the oven and opens the oven door.,5025,499
output/frames/5025/img_002000.jpg,1920,2340,2000,C places the dough on a tray and then moves to the oven. C picks up a tray with dough and places it on the oven. C then walks to the oven and opens the oven door.,5025,499
output/frames/5025/img_002010.jpg,1920,2340,2010,C places the dough on a tray and then moves to the oven. C picks up a tray with dough and places it on the oven. C then walks to the oven and opens the oven door.,5025,499
output/frames/5025/img_002020.jpg,1920,2340,2020,C places the dough on a tray and then moves to the oven. C picks up a tray with dough and places it on the oven. C then walks to the oven and opens the oven door.,5025,499
output/frames/5025/img_002030.jpg,1920,2340,2030,C places the dough on a tray and then moves to the oven. C picks up a tray with dough and places it on the oven. C then walks to the oven and opens the oven door.,5025,499
output/frames/5025/img_002040.jpg,1920,2340,2040,C places the dough on a tray and then moves to the oven. C picks up a tray with dough and places it on the oven. C then walks to the oven and opens the oven door.,5025,499
output/frames/5025/img_002050.jpg,1920,2340,2050,C places the dough on a tray and then moves to the oven. C picks up a tray with dough and places it on the oven. C then walks to the oven and opens the oven door.,5025,499
output/frames/5025/img_002060.jpg,1920,2340,2060,C places the dough on a tray and then moves to the oven. C picks up a tray with dough and places it on the oven. C then walks to the oven and opens the oven door.,5025,499
output/frames/5025/img_002070.jpg,1920,2340,2070,C places the dough on a tray and then moves to the oven. C picks up a tray with dough and places it on the oven. C then walks to the oven and opens the oven door.,5025,499
output/frames/5025/img_002080.jpg,1920,2340,2080,C places the dough on a tray and then moves to the oven. C picks up a tray with dough and places it on the oven. C then walks to the oven and opens the oven door.,5025,499
output/frames/5025/img_002090.jpg,1920,2340,2090,C places the dough on a tray and then moves to the oven. C picks up a tray with dough and places it on the oven. C then walks to the oven and opens the oven door.,5025,499
output/frames/5025/img_002100.jpg,1920,2340,2100,C places the dough on a tray and then moves to the oven. C picks up a tray with dough and places it on the oven. C then walks to the oven and opens the oven door.,5025,499
output/frames/5025/img_002110.jpg,1920,2340,2110,C places the dough on a tray and then moves to the oven. C picks up a tray with dough and places it on the oven. C then walks to the oven and opens the oven door.,5025,499
output/frames/5025/img_002120.jpg,1920,2340,2120,C places the dough on a tray and then moves to the oven. C picks up a tray with dough and places it on the oven. C then walks to the oven and opens the oven door.,5025,499
output/frames/5025/img_002130.jpg,1920,2340,2130,C places the dough on a tray and then moves to the oven. C picks up a tray with dough and places it on the oven. C then walks to the oven and opens the oven door.,5025,499
output/frames/5025/img_002140.jpg,1920,2340,2140,C places the dough on a tray and then moves to the oven. C picks up a tray with dough and places it on the oven. C then walks to the oven and opens the oven door.,5025,499
output/frames/5025/img_002150.jpg,1920,2340,2150,C places the dough on a tray and then moves to the oven. C picks up a tray with dough and places it on the oven. C then walks to the oven and opens the oven door.,5025,499
output/frames/5025/img_002160.jpg,1920,2340,2160,C places the dough on a tray and then moves to the oven. C picks up a tray with dough and places it on the oven. C then walks to the oven and opens the oven door.,5025,499
output/frames/5025/img_002170.jpg,1920,2340,2170,C places the dough on a tray and then moves to the oven. C picks up a tray with dough and places it on the oven. C then walks to the oven and opens the oven door.,5025,499
output/frames/5025/img_002180.jpg,1920,2340,2180,C places the dough on a tray and then moves to the oven. C picks up a tray with dough and places it on the oven. C then walks to the oven and opens the oven door.,5025,499
output/frames/5025/img_002190.jpg,1920,2340,2190,C places the dough on a tray and then moves to the oven. C picks up a tray with dough and places it on the oven. C then walks to the oven and opens the oven door.,5025,499
output/frames/5025/img_002200.jpg,1920,2340,2200,C places the dough on a tray and then moves to the oven. C picks up a tray with dough and places it on the oven. C then walks to the oven and opens the oven door.,5025,499
output/frames/5025/img_002210.jpg,1920,2340,2210,C places the dough on a tray and then moves to the oven. C picks up a tray with dough and places it on the oven. C then walks to the oven and opens the oven door.,5025,499
output/frames/5025/img_002220.jpg,1920,2340,2220,C places the dough on a tray and then moves to the oven. C picks up a tray with dough and places it on the oven. C then walks to the oven and opens the oven door.,5025,499
output/frames/5025/img_002230.jpg,1920,2340,2230,C places the dough on a tray and then moves to the oven. C picks up a tray with dough and places it on the oven. C then walks to the oven and opens the oven door.,5025,499
output/frames/5025/img_002240.jpg,1920,2340,2240,C places the dough on a tray and then moves to the oven. C picks up a tray with dough and places it on the oven. C then walks to the oven and opens the oven door.,5025,499
output/frames/5025/img_002250.jpg,1920,2340,2250,C places the dough on a tray and then moves to the oven. C picks up a tray with dough and places it on the oven. C then walks to the oven and opens the oven door.,5025,499
output/frames/5025/img_002260.jpg,1920,2340,2260,C places the dough on a tray and then moves to the oven. C picks up a tray with dough and places it on the oven. C then walks to the oven and opens the oven door.,5025,499
output/frames/5025/img_002270.jpg,1920,2340,2270,C places the dough on a tray and then moves to the oven. C picks up a tray with dough and places it on the oven. C then walks to the oven and opens the oven door.,5025,499
output/frames/5025/img_002280.jpg,1920,2340,2280,C places the dough on a tray and then moves to the oven. C picks up a tray with dough and places it on the oven. C then walks to the oven and opens the oven door.,5025,499
output/frames/5025/img_002290.jpg,1920,2340,2290,C places the dough on a tray and then moves to the oven. C picks up a tray with dough and places it on the oven. C then walks to the oven and opens the oven door.,5025,499
output/frames/5025/img_002300.jpg,1920,2340,2300,C places the dough on a tray and then moves to the oven. C picks up a tray with dough and places it on the oven. C then walks to the oven and opens the oven door.,5025,499
output/frames/5025/img_002310.jpg,1920,2340,2310,C places the dough on a tray and then moves to the oven. C picks up a tray with dough and places it on the oven. C then walks to the oven and opens the oven door.,5025,499
output/frames/5025/img_002320.jpg,1920,2340,2320,C places the dough on a tray and then moves to the oven. C picks up a tray with dough and places it on the oven. C then walks to the oven and opens the oven door.,5025,499
output/frames/5025/img_002330.jpg,1920,2340,2330,C places the dough on a tray and then moves to the oven. C picks up a tray with dough and places it on the oven. C then walks to the oven and opens the oven door.,5025,499
output/frames/5025/img_002340.jpg,1920,2340,2340,C places the dough on a tray and then moves to the oven. C picks up a tray with dough and places it on the oven. C then walks to the oven and opens the oven door.,5025,499
output/frames/5025/img_002341.jpg,2341,2526,2341,"C reaches for a tray of dough, then pulls out a sheet of paper, and begins to wrap the tray. C continues to wrap the tray, then reaches for another tray. C continues to wrap the tray, then reaches for another tray.",5025,499
output/frames/5025/img_002401.jpg,2341,2526,2401,"C reaches for a tray of dough, then pulls out a sheet of paper, and begins to wrap the tray. C continues to wrap the tray, then reaches for another tray. C continues to wrap the tray, then reaches for another tray.",5025,499
output/frames/5025/img_002461.jpg,2341,2526,2461,"C reaches for a tray of dough, then pulls out a sheet of paper, and begins to wrap the tray. C continues to wrap the tray, then reaches for another tray. C continues to wrap the tray, then reaches for another tray.",5025,499
output/frames/5025/img_002521.jpg,2341,2526,2521,"C reaches for a tray of dough, then pulls out a sheet of paper, and begins to wrap the tray. C continues to wrap the tray, then reaches for another tray. C continues to wrap the tray, then reaches for another tray.",5025,499
output/frames/5025/img_002527.jpg,2527,2835,2527,"C carries a large sheet of dough on a tray, moving it across the kitchen floor. As they walk, C passes by a man in a white shirt who is standing near a doorway. C continues to move the tray, passing by a kitchen counter with various items on it.",5025,499
output/frames/5025/img_002537.jpg,2527,2835,2537,"C carries a large sheet of dough on a tray, moving it across the kitchen floor. As they walk, C passes by a man in a white shirt who is standing near a doorway. C continues to move the tray, passing by a kitchen counter with various items on it.",5025,499
output/frames/5025/img_002547.jpg,2527,2835,2547,"C carries a large sheet of dough on a tray, moving it across the kitchen floor. As they walk, C passes by a man in a white shirt who is standing near a doorway. C continues to move the tray, passing by a kitchen counter with various items on it.",5025,499
output/frames/5025/img_002557.jpg,2527,2835,2557,"C carries a large sheet of dough on a tray, moving it across the kitchen floor. As they walk, C passes by a man in a white shirt who is standing near a doorway. C continues to move the tray, passing by a kitchen counter with various items on it.",5025,499
output/frames/5025/img_002567.jpg,2527,2835,2567,"C carries a large sheet of dough on a tray, moving it across the kitchen floor. As they walk, C passes by a man in a white shirt who is standing near a doorway. C continues to move the tray, passing by a kitchen counter with various items on it.",5025,499
output/frames/5025/img_002577.jpg,2527,2835,2577,"C carries a large sheet of dough on a tray, moving it across the kitchen floor. As they walk, C passes by a man in a white shirt who is standing near a doorway. C continues to move the tray, passing by a kitchen counter with various items on it.",5025,499
output/frames/5025/img_002587.jpg,2527,2835,2587,"C carries a large sheet of dough on a tray, moving it across the kitchen floor. As they walk, C passes by a man in a white shirt who is standing near a doorway. C continues to move the tray, passing by a kitchen counter with various items on it.",5025,499
output/frames/5025/img_002597.jpg,2527,2835,2597,"C carries a large sheet of dough on a tray, moving it across the kitchen floor. As they walk, C passes by a man in a white shirt who is standing near a doorway. C continues to move the tray, passing by a kitchen counter with various items on it.",5025,499
output/frames/5025/img_002607.jpg,2527,2835,2607,"C carries a large sheet of dough on a tray, moving it across the kitchen floor. As they walk, C passes by a man in a white shirt who is standing near a doorway. C continues to move the tray, passing by a kitchen counter with various items on it.",5025,499
output/frames/5025/img_002617.jpg,2527,2835,2617,"C carries a large sheet of dough on a tray, moving it across the kitchen floor. As they walk, C passes by a man in a white shirt who is standing near a doorway. C continues to move the tray, passing by a kitchen counter with various items on it.",5025,499
output/frames/5025/img_002627.jpg,2527,2835,2627,"C carries a large sheet of dough on a tray, moving it across the kitchen floor. As they walk, C passes by a man in a white shirt who is standing near a doorway. C continues to move the tray, passing by a kitchen counter with various items on it.",5025,499
output/frames/5025/img_002637.jpg,2527,2835,2637,"C carries a large sheet of dough on a tray, moving it across the kitchen floor. As they walk, C passes by a man in a white shirt who is standing near a doorway. C continues to move the tray, passing by a kitchen counter with various items on it.",5025,499
output/frames/5025/img_002647.jpg,2527,2835,2647,"C carries a large sheet of dough on a tray, moving it across the kitchen floor. As they walk, C passes by a man in a white shirt who is standing near a doorway. C continues to move the tray, passing by a kitchen counter with various items on it.",5025,499
output/frames/5025/img_002657.jpg,2527,2835,2657,"C carries a large sheet of dough on a tray, moving it across the kitchen floor. As they walk, C passes by a man in a white shirt who is standing near a doorway. C continues to move the tray, passing by a kitchen counter with various items on it.",5025,499
output/frames/5025/img_002667.jpg,2527,2835,2667,"C carries a large sheet of dough on a tray, moving it across the kitchen floor. As they walk, C passes by a man in a white shirt who is standing near a doorway. C continues to move the tray, passing by a kitchen counter with various items on it.",5025,499
output/frames/5025/img_002677.jpg,2527,2835,2677,"C carries a large sheet of dough on a tray, moving it across the kitchen floor. As they walk, C passes by a man in a white shirt who is standing near a doorway. C continues to move the tray, passing by a kitchen counter with various items on it.",5025,499
output/frames/5025/img_002687.jpg,2527,2835,2687,"C carries a large sheet of dough on a tray, moving it across the kitchen floor. As they walk, C passes by a man in a white shirt who is standing near a doorway. C continues to move the tray, passing by a kitchen counter with various items on it.",5025,499
output/frames/5025/img_002697.jpg,2527,2835,2697,"C carries a large sheet of dough on a tray, moving it across the kitchen floor. As they walk, C passes by a man in a white shirt who is standing near a doorway. C continues to move the tray, passing by a kitchen counter with various items on it.",5025,499
output/frames/5025/img_002707.jpg,2527,2835,2707,"C carries a large sheet of dough on a tray, moving it across the kitchen floor. As they walk, C passes by a man in a white shirt who is standing near a doorway. C continues to move the tray, passing by a kitchen counter with various items on it.",5025,499
output/frames/5025/img_002717.jpg,2527,2835,2717,"C carries a large sheet of dough on a tray, moving it across the kitchen floor. As they walk, C passes by a man in a white shirt who is standing near a doorway. C continues to move the tray, passing by a kitchen counter with various items on it.",5025,499
output/frames/5025/img_002727.jpg,2527,2835,2727,"C carries a large sheet of dough on a tray, moving it across the kitchen floor. As they walk, C passes by a man in a white shirt who is standing near a doorway. C continues to move the tray, passing by a kitchen counter with various items on it.",5025,499
output/frames/5025/img_002737.jpg,2527,2835,2737,"C carries a large sheet of dough on a tray, moving it across the kitchen floor. As they walk, C passes by a man in a white shirt who is standing near a doorway. C continues to move the tray, passing by a kitchen counter with various items on it.",5025,499
output/frames/5025/img_002747.jpg,2527,2835,2747,"C carries a large sheet of dough on a tray, moving it across the kitchen floor. As they walk, C passes by a man in a white shirt who is standing near a doorway. C continues to move the tray, passing by a kitchen counter with various items on it.",5025,499
output/frames/5025/img_002757.jpg,2527,2835,2757,"C carries a large sheet of dough on a tray, moving it across the kitchen floor. As they walk, C passes by a man in a white shirt who is standing near a doorway. C continues to move the tray, passing by a kitchen counter with various items on it.",5025,499
output/frames/5025/img_002767.jpg,2527,2835,2767,"C carries a large sheet of dough on a tray, moving it across the kitchen floor. As they walk, C passes by a man in a white shirt who is standing near a doorway. C continues to move the tray, passing by a kitchen counter with various items on it.",5025,499
output/frames/5025/img_002777.jpg,2527,2835,2777,"C carries a large sheet of dough on a tray, moving it across the kitchen floor. As they walk, C passes by a man in a white shirt who is standing near a doorway. C continues to move the tray, passing by a kitchen counter with various items on it.",5025,499
output/frames/5025/img_002787.jpg,2527,2835,2787,"C carries a large sheet of dough on a tray, moving it across the kitchen floor. As they walk, C passes by a man in a white shirt who is standing near a doorway. C continues to move the tray, passing by a kitchen counter with various items on it.",5025,499
output/frames/5025/img_002797.jpg,2527,2835,2797,"C carries a large sheet of dough on a tray, moving it across the kitchen floor. As they walk, C passes by a man in a white shirt who is standing near a doorway. C continues to move the tray, passing by a kitchen counter with various items on it.",5025,499
output/frames/5025/img_002807.jpg,2527,2835,2807,"C carries a large sheet of dough on a tray, moving it across the kitchen floor. As they walk, C passes by a man in a white shirt who is standing near a doorway. C continues to move the tray, passing by a kitchen counter with various items on it.",5025,499
output/frames/5025/img_002817.jpg,2527,2835,2817,"C carries a large sheet of dough on a tray, moving it across the kitchen floor. As they walk, C passes by a man in a white shirt who is standing near a doorway. C continues to move the tray, passing by a kitchen counter with various items on it.",5025,499
output/frames/5025/img_002827.jpg,2527,2835,2827,"C carries a large sheet of dough on a tray, moving it across the kitchen floor. As they walk, C passes by a man in a white shirt who is standing near a doorway. C continues to move the tray, passing by a kitchen counter with various items on it.",5025,499
output/frames/5025/img_002836.jpg,2836,2990,2836,C picks up a tray of dough from the table and walks towards the oven. They place the tray inside the oven and then walk back to the table. C then picks up a jug of water and pours it into the tray.,5025,499
output/frames/5025/img_002851.jpg,2836,2990,2851,C picks up a tray of dough from the table and walks towards the oven. They place the tray inside the oven and then walk back to the table. C then picks up a jug of water and pours it into the tray.,5025,499
output/frames/5025/img_002866.jpg,2836,2990,2866,C picks up a tray of dough from the table and walks towards the oven. They place the tray inside the oven and then walk back to the table. C then picks up a jug of water and pours it into the tray.,5025,499
output/frames/5025/img_002881.jpg,2836,2990,2881,C picks up a tray of dough from the table and walks towards the oven. They place the tray inside the oven and then walk back to the table. C then picks up a jug of water and pours it into the tray.,5025,499
output/frames/5025/img_002896.jpg,2836,2990,2896,C picks up a tray of dough from the table and walks towards the oven. They place the tray inside the oven and then walk back to the table. C then picks up a jug of water and pours it into the tray.,5025,499
output/frames/5025/img_002911.jpg,2836,2990,2911,C picks up a tray of dough from the table and walks towards the oven. They place the tray inside the oven and then walk back to the table. C then picks up a jug of water and pours it into the tray.,5025,499
output/frames/5025/img_002926.jpg,2836,2990,2926,C picks up a tray of dough from the table and walks towards the oven. They place the tray inside the oven and then walk back to the table. C then picks up a jug of water and pours it into the tray.,5025,499
output/frames/5025/img_002941.jpg,2836,2990,2941,C picks up a tray of dough from the table and walks towards the oven. They place the tray inside the oven and then walk back to the table. C then picks up a jug of water and pours it into the tray.,5025,499
output/frames/5025/img_002956.jpg,2836,2990,2956,C picks up a tray of dough from the table and walks towards the oven. They place the tray inside the oven and then walk back to the table. C then picks up a jug of water and pours it into the tray.,5025,499
output/frames/5025/img_002971.jpg,2836,2990,2971,C picks up a tray of dough from the table and walks towards the oven. They place the tray inside the oven and then walk back to the table. C then picks up a jug of water and pours it into the tray.,5025,499
output/frames/5025/img_002986.jpg,2836,2990,2986,C picks up a tray of dough from the table and walks towards the oven. They place the tray inside the oven and then walk back to the table. C then picks up a jug of water and pours it into the tray.,5025,499
output/frames/5025/img_002991.jpg,2991,3152,2991,C places a tray of dough into the oven and presses a button on the control panel. C then reaches for a nearby container of flour and sprinkles it onto the dough.,5025,499
output/frames/5025/img_002993.jpg,2991,3152,2993,C places a tray of dough into the oven and presses a button on the control panel. C then reaches for a nearby container of flour and sprinkles it onto the dough.,5025,499
output/frames/5025/img_002995.jpg,2991,3152,2995,C places a tray of dough into the oven and presses a button on the control panel. C then reaches for a nearby container of flour and sprinkles it onto the dough.,5025,499
output/frames/5025/img_002997.jpg,2991,3152,2997,C places a tray of dough into the oven and presses a button on the control panel. C then reaches for a nearby container of flour and sprinkles it onto the dough.,5025,499
output/frames/5025/img_002999.jpg,2991,3152,2999,C places a tray of dough into the oven and presses a button on the control panel. C then reaches for a nearby container of flour and sprinkles it onto the dough.,5025,499
output/frames/5025/img_003001.jpg,2991,3152,3001,C places a tray of dough into the oven and presses a button on the control panel. C then reaches for a nearby container of flour and sprinkles it onto the dough.,5025,499
output/frames/5025/img_003003.jpg,2991,3152,3003,C places a tray of dough into the oven and presses a button on the control panel. C then reaches for a nearby container of flour and sprinkles it onto the dough.,5025,499
output/frames/5025/img_003005.jpg,2991,3152,3005,C places a tray of dough into the oven and presses a button on the control panel. C then reaches for a nearby container of flour and sprinkles it onto the dough.,5025,499
output/frames/5025/img_003007.jpg,2991,3152,3007,C places a tray of dough into the oven and presses a button on the control panel. C then reaches for a nearby container of flour and sprinkles it onto the dough.,5025,499
output/frames/5025/img_003009.jpg,2991,3152,3009,C places a tray of dough into the oven and presses a button on the control panel. C then reaches for a nearby container of flour and sprinkles it onto the dough.,5025,499
output/frames/5025/img_003011.jpg,2991,3152,3011,C places a tray of dough into the oven and presses a button on the control panel. C then reaches for a nearby container of flour and sprinkles it onto the dough.,5025,499
output/frames/5025/img_003013.jpg,2991,3152,3013,C places a tray of dough into the oven and presses a button on the control panel. C then reaches for a nearby container of flour and sprinkles it onto the dough.,5025,499
output/frames/5025/img_003015.jpg,2991,3152,3015,C places a tray of dough into the oven and presses a button on the control panel. C then reaches for a nearby container of flour and sprinkles it onto the dough.,5025,499
output/frames/5025/img_003017.jpg,2991,3152,3017,C places a tray of dough into the oven and presses a button on the control panel. C then reaches for a nearby container of flour and sprinkles it onto the dough.,5025,499
output/frames/5025/img_003019.jpg,2991,3152,3019,C places a tray of dough into the oven and presses a button on the control panel. C then reaches for a nearby container of flour and sprinkles it onto the dough.,5025,499
output/frames/5025/img_003021.jpg,2991,3152,3021,C places a tray of dough into the oven and presses a button on the control panel. C then reaches for a nearby container of flour and sprinkles it onto the dough.,5025,499
output/frames/5025/img_003023.jpg,2991,3152,3023,C places a tray of dough into the oven and presses a button on the control panel. C then reaches for a nearby container of flour and sprinkles it onto the dough.,5025,499
output/frames/5025/img_003025.jpg,2991,3152,3025,C places a tray of dough into the oven and presses a button on the control panel. C then reaches for a nearby container of flour and sprinkles it onto the dough.,5025,499
output/frames/5025/img_003027.jpg,2991,3152,3027,C places a tray of dough into the oven and presses a button on the control panel. C then reaches for a nearby container of flour and sprinkles it onto the dough.,5025,499
output/frames/5025/img_003029.jpg,2991,3152,3029,C places a tray of dough into the oven and presses a button on the control panel. C then reaches for a nearby container of flour and sprinkles it onto the dough.,5025,499
output/frames/5025/img_003031.jpg,2991,3152,3031,C places a tray of dough into the oven and presses a button on the control panel. C then reaches for a nearby container of flour and sprinkles it onto the dough.,5025,499
output/frames/5025/img_003033.jpg,2991,3152,3033,C places a tray of dough into the oven and presses a button on the control panel. C then reaches for a nearby container of flour and sprinkles it onto the dough.,5025,499
output/frames/5025/img_003035.jpg,2991,3152,3035,C places a tray of dough into the oven and presses a button on the control panel. C then reaches for a nearby container of flour and sprinkles it onto the dough.,5025,499
output/frames/5025/img_003037.jpg,2991,3152,3037,C places a tray of dough into the oven and presses a button on the control panel. C then reaches for a nearby container of flour and sprinkles it onto the dough.,5025,499
output/frames/5025/img_003039.jpg,2991,3152,3039,C places a tray of dough into the oven and presses a button on the control panel. C then reaches for a nearby container of flour and sprinkles it onto the dough.,5025,499
output/frames/5025/img_003041.jpg,2991,3152,3041,C places a tray of dough into the oven and presses a button on the control panel. C then reaches for a nearby container of flour and sprinkles it onto the dough.,5025,499
output/frames/5025/img_003043.jpg,2991,3152,3043,C places a tray of dough into the oven and presses a button on the control panel. C then reaches for a nearby container of flour and sprinkles it onto the dough.,5025,499
output/frames/5025/img_003045.jpg,2991,3152,3045,C places a tray of dough into the oven and presses a button on the control panel. C then reaches for a nearby container of flour and sprinkles it onto the dough.,5025,499
output/frames/5025/img_003047.jpg,2991,3152,3047,C places a tray of dough into the oven and presses a button on the control panel. C then reaches for a nearby container of flour and sprinkles it onto the dough.,5025,499
output/frames/5025/img_003049.jpg,2991,3152,3049,C places a tray of dough into the oven and presses a button on the control panel. C then reaches for a nearby container of flour and sprinkles it onto the dough.,5025,499
output/frames/5025/img_003051.jpg,2991,3152,3051,C places a tray of dough into the oven and presses a button on the control panel. C then reaches for a nearby container of flour and sprinkles it onto the dough.,5025,499
output/frames/5025/img_003053.jpg,2991,3152,3053,C places a tray of dough into the oven and presses a button on the control panel. C then reaches for a nearby container of flour and sprinkles it onto the dough.,5025,499
output/frames/5025/img_003055.jpg,2991,3152,3055,C places a tray of dough into the oven and presses a button on the control panel. C then reaches for a nearby container of flour and sprinkles it onto the dough.,5025,499
output/frames/5025/img_003057.jpg,2991,3152,3057,C places a tray of dough into the oven and presses a button on the control panel. C then reaches for a nearby container of flour and sprinkles it onto the dough.,5025,499
output/frames/5025/img_003059.jpg,2991,3152,3059,C places a tray of dough into the oven and presses a button on the control panel. C then reaches for a nearby container of flour and sprinkles it onto the dough.,5025,499
output/frames/5025/img_003061.jpg,2991,3152,3061,C places a tray of dough into the oven and presses a button on the control panel. C then reaches for a nearby container of flour and sprinkles it onto the dough.,5025,499
output/frames/5025/img_003063.jpg,2991,3152,3063,C places a tray of dough into the oven and presses a button on the control panel. C then reaches for a nearby container of flour and sprinkles it onto the dough.,5025,499
output/frames/5025/img_003065.jpg,2991,3152,3065,C places a tray of dough into the oven and presses a button on the control panel. C then reaches for a nearby container of flour and sprinkles it onto the dough.,5025,499
output/frames/5025/img_003067.jpg,2991,3152,3067,C places a tray of dough into the oven and presses a button on the control panel. C then reaches for a nearby container of flour and sprinkles it onto the dough.,5025,499
output/frames/5025/img_003069.jpg,2991,3152,3069,C places a tray of dough into the oven and presses a button on the control panel. C then reaches for a nearby container of flour and sprinkles it onto the dough.,5025,499
output/frames/5025/img_003071.jpg,2991,3152,3071,C places a tray of dough into the oven and presses a button on the control panel. C then reaches for a nearby container of flour and sprinkles it onto the dough.,5025,499
output/frames/5025/img_003073.jpg,2991,3152,3073,C places a tray of dough into the oven and presses a button on the control panel. C then reaches for a nearby container of flour and sprinkles it onto the dough.,5025,499
output/frames/5025/img_003075.jpg,2991,3152,3075,C places a tray of dough into the oven and presses a button on the control panel. C then reaches for a nearby container of flour and sprinkles it onto the dough.,5025,499
output/frames/5025/img_003077.jpg,2991,3152,3077,C places a tray of dough into the oven and presses a button on the control panel. C then reaches for a nearby container of flour and sprinkles it onto the dough.,5025,499
output/frames/5025/img_003079.jpg,2991,3152,3079,C places a tray of dough into the oven and presses a button on the control panel. C then reaches for a nearby container of flour and sprinkles it onto the dough.,5025,499
output/frames/5025/img_003081.jpg,2991,3152,3081,C places a tray of dough into the oven and presses a button on the control panel. C then reaches for a nearby container of flour and sprinkles it onto the dough.,5025,499
output/frames/5025/img_003083.jpg,2991,3152,3083,C places a tray of dough into the oven and presses a button on the control panel. C then reaches for a nearby container of flour and sprinkles it onto the dough.,5025,499
output/frames/5025/img_003085.jpg,2991,3152,3085,C places a tray of dough into the oven and presses a button on the control panel. C then reaches for a nearby container of flour and sprinkles it onto the dough.,5025,499
output/frames/5025/img_003087.jpg,2991,3152,3087,C places a tray of dough into the oven and presses a button on the control panel. C then reaches for a nearby container of flour and sprinkles it onto the dough.,5025,499
output/frames/5025/img_003089.jpg,2991,3152,3089,C places a tray of dough into the oven and presses a button on the control panel. C then reaches for a nearby container of flour and sprinkles it onto the dough.,5025,499
output/frames/5025/img_003091.jpg,2991,3152,3091,C places a tray of dough into the oven and presses a button on the control panel. C then reaches for a nearby container of flour and sprinkles it onto the dough.,5025,499
output/frames/5025/img_003093.jpg,2991,3152,3093,C places a tray of dough into the oven and presses a button on the control panel. C then reaches for a nearby container of flour and sprinkles it onto the dough.,5025,499
output/frames/5025/img_003095.jpg,2991,3152,3095,C places a tray of dough into the oven and presses a button on the control panel. C then reaches for a nearby container of flour and sprinkles it onto the dough.,5025,499
output/frames/5025/img_003097.jpg,2991,3152,3097,C places a tray of dough into the oven and presses a button on the control panel. C then reaches for a nearby container of flour and sprinkles it onto the dough.,5025,499
output/frames/5025/img_003099.jpg,2991,3152,3099,C places a tray of dough into the oven and presses a button on the control panel. C then reaches for a nearby container of flour and sprinkles it onto the dough.,5025,499
output/frames/5025/img_003101.jpg,2991,3152,3101,C places a tray of dough into the oven and presses a button on the control panel. C then reaches for a nearby container of flour and sprinkles it onto the dough.,5025,499
output/frames/5025/img_003103.jpg,2991,3152,3103,C places a tray of dough into the oven and presses a button on the control panel. C then reaches for a nearby container of flour and sprinkles it onto the dough.,5025,499
output/frames/5025/img_003105.jpg,2991,3152,3105,C places a tray of dough into the oven and presses a button on the control panel. C then reaches for a nearby container of flour and sprinkles it onto the dough.,5025,499
output/frames/5025/img_003107.jpg,2991,3152,3107,C places a tray of dough into the oven and presses a button on the control panel. C then reaches for a nearby container of flour and sprinkles it onto the dough.,5025,499
output/frames/5025/img_003109.jpg,2991,3152,3109,C places a tray of dough into the oven and presses a button on the control panel. C then reaches for a nearby container of flour and sprinkles it onto the dough.,5025,499
output/frames/5025/img_003111.jpg,2991,3152,3111,C places a tray of dough into the oven and presses a button on the control panel. C then reaches for a nearby container of flour and sprinkles it onto the dough.,5025,499
output/frames/5025/img_003113.jpg,2991,3152,3113,C places a tray of dough into the oven and presses a button on the control panel. C then reaches for a nearby container of flour and sprinkles it onto the dough.,5025,499
output/frames/5025/img_003115.jpg,2991,3152,3115,C places a tray of dough into the oven and presses a button on the control panel. C then reaches for a nearby container of flour and sprinkles it onto the dough.,5025,499
output/frames/5025/img_003117.jpg,2991,3152,3117,C places a tray of dough into the oven and presses a button on the control panel. C then reaches for a nearby container of flour and sprinkles it onto the dough.,5025,499
output/frames/5025/img_003119.jpg,2991,3152,3119,C places a tray of dough into the oven and presses a button on the control panel. C then reaches for a nearby container of flour and sprinkles it onto the dough.,5025,499
output/frames/5025/img_003121.jpg,2991,3152,3121,C places a tray of dough into the oven and presses a button on the control panel. C then reaches for a nearby container of flour and sprinkles it onto the dough.,5025,499
output/frames/5025/img_003123.jpg,2991,3152,3123,C places a tray of dough into the oven and presses a button on the control panel. C then reaches for a nearby container of flour and sprinkles it onto the dough.,5025,499
output/frames/5025/img_003125.jpg,2991,3152,3125,C places a tray of dough into the oven and presses a button on the control panel. C then reaches for a nearby container of flour and sprinkles it onto the dough.,5025,499
output/frames/5025/img_003127.jpg,2991,3152,3127,C places a tray of dough into the oven and presses a button on the control panel. C then reaches for a nearby container of flour and sprinkles it onto the dough.,5025,499
output/frames/5025/img_003129.jpg,2991,3152,3129,C places a tray of dough into the oven and presses a button on the control panel. C then reaches for a nearby container of flour and sprinkles it onto the dough.,5025,499
output/frames/5025/img_003131.jpg,2991,3152,3131,C places a tray of dough into the oven and presses a button on the control panel. C then reaches for a nearby container of flour and sprinkles it onto the dough.,5025,499
output/frames/5025/img_003133.jpg,2991,3152,3133,C places a tray of dough into the oven and presses a button on the control panel. C then reaches for a nearby container of flour and sprinkles it onto the dough.,5025,499
output/frames/5025/img_003135.jpg,2991,3152,3135,C places a tray of dough into the oven and presses a button on the control panel. C then reaches for a nearby container of flour and sprinkles it onto the dough.,5025,499
output/frames/5025/img_003137.jpg,2991,3152,3137,C places a tray of dough into the oven and presses a button on the control panel. C then reaches for a nearby container of flour and sprinkles it onto the dough.,5025,499
output/frames/5025/img_003139.jpg,2991,3152,3139,C places a tray of dough into the oven and presses a button on the control panel. C then reaches for a nearby container of flour and sprinkles it onto the dough.,5025,499
output/frames/5025/img_003141.jpg,2991,3152,3141,C places a tray of dough into the oven and presses a button on the control panel. C then reaches for a nearby container of flour and sprinkles it onto the dough.,5025,499
output/frames/5025/img_003143.jpg,2991,3152,3143,C places a tray of dough into the oven and presses a button on the control panel. C then reaches for a nearby container of flour and sprinkles it onto the dough.,5025,499
output/frames/5025/img_003145.jpg,2991,3152,3145,C places a tray of dough into the oven and presses a button on the control panel. C then reaches for a nearby container of flour and sprinkles it onto the dough.,5025,499
output/frames/5025/img_003147.jpg,2991,3152,3147,C places a tray of dough into the oven and presses a button on the control panel. C then reaches for a nearby container of flour and sprinkles it onto the dough.,5025,499
output/frames/5025/img_003149.jpg,2991,3152,3149,C places a tray of dough into the oven and presses a button on the control panel. C then reaches for a nearby container of flour and sprinkles it onto the dough.,5025,499
output/frames/5025/img_003151.jpg,2991,3152,3151,C places a tray of dough into the oven and presses a button on the control panel. C then reaches for a nearby container of flour and sprinkles it onto the dough.,5025,499
output/frames/5025/img_003153.jpg,3153,3306,3153,"C walks into the kitchen, passing by a refrigerator and a counter with a red and white patterned cloth. C reaches for a container on the counter and picks it up.",5025,499
output/frames/5025/img_003154.jpg,3153,3306,3154,"C walks into the kitchen, passing by a refrigerator and a counter with a red and white patterned cloth. C reaches for a container on the counter and picks it up.",5025,499
output/frames/5025/img_003155.jpg,3153,3306,3155,"C walks into the kitchen, passing by a refrigerator and a counter with a red and white patterned cloth. C reaches for a container on the counter and picks it up.",5025,499
output/frames/5025/img_003156.jpg,3153,3306,3156,"C walks into the kitchen, passing by a refrigerator and a counter with a red and white patterned cloth. C reaches for a container on the counter and picks it up.",5025,499
output/frames/5025/img_003157.jpg,3153,3306,3157,"C walks into the kitchen, passing by a refrigerator and a counter with a red and white patterned cloth. C reaches for a container on the counter and picks it up.",5025,499
output/frames/5025/img_003158.jpg,3153,3306,3158,"C walks into the kitchen, passing by a refrigerator and a counter with a red and white patterned cloth. C reaches for a container on the counter and picks it up.",5025,499
output/frames/5025/img_003159.jpg,3153,3306,3159,"C walks into the kitchen, passing by a refrigerator and a counter with a red and white patterned cloth. C reaches for a container on the counter and picks it up.",5025,499
output/frames/5025/img_003160.jpg,3153,3306,3160,"C walks into the kitchen, passing by a refrigerator and a counter with a red and white patterned cloth. C reaches for a container on the counter and picks it up.",5025,499
output/frames/5025/img_003161.jpg,3153,3306,3161,"C walks into the kitchen, passing by a refrigerator and a counter with a red and white patterned cloth. C reaches for a container on the counter and picks it up.",5025,499
output/frames/5025/img_003162.jpg,3153,3306,3162,"C walks into the kitchen, passing by a refrigerator and a counter with a red and white patterned cloth. C reaches for a container on the counter and picks it up.",5025,499
output/frames/5025/img_003163.jpg,3153,3306,3163,"C walks into the kitchen, passing by a refrigerator and a counter with a red and white patterned cloth. C reaches for a container on the counter and picks it up.",5025,499
output/frames/5025/img_003164.jpg,3153,3306,3164,"C walks into the kitchen, passing by a refrigerator and a counter with a red and white patterned cloth. C reaches for a container on the counter and picks it up.",5025,499
output/frames/5025/img_003165.jpg,3153,3306,3165,"C walks into the kitchen, passing by a refrigerator and a counter with a red and white patterned cloth. C reaches for a container on the counter and picks it up.",5025,499
output/frames/5025/img_003166.jpg,3153,3306,3166,"C walks into the kitchen, passing by a refrigerator and a counter with a red and white patterned cloth. C reaches for a container on the counter and picks it up.",5025,499
output/frames/5025/img_003167.jpg,3153,3306,3167,"C walks into the kitchen, passing by a refrigerator and a counter with a red and white patterned cloth. C reaches for a container on the counter and picks it up.",5025,499
output/frames/5025/img_003168.jpg,3153,3306,3168,"C walks into the kitchen, passing by a refrigerator and a counter with a red and white patterned cloth. C reaches for a container on the counter and picks it up.",5025,499
output/frames/5025/img_003169.jpg,3153,3306,3169,"C walks into the kitchen, passing by a refrigerator and a counter with a red and white patterned cloth. C reaches for a container on the counter and picks it up.",5025,499
output/frames/5025/img_003170.jpg,3153,3306,3170,"C walks into the kitchen, passing by a refrigerator and a counter with a red and white patterned cloth. C reaches for a container on the counter and picks it up.",5025,499
output/frames/5025/img_003171.jpg,3153,3306,3171,"C walks into the kitchen, passing by a refrigerator and a counter with a red and white patterned cloth. C reaches for a container on the counter and picks it up.",5025,499
output/frames/5025/img_003172.jpg,3153,3306,3172,"C walks into the kitchen, passing by a refrigerator and a counter with a red and white patterned cloth. C reaches for a container on the counter and picks it up.",5025,499
output/frames/5025/img_003173.jpg,3153,3306,3173,"C walks into the kitchen, passing by a refrigerator and a counter with a red and white patterned cloth. C reaches for a container on the counter and picks it up.",5025,499
output/frames/5025/img_003174.jpg,3153,3306,3174,"C walks into the kitchen, passing by a refrigerator and a counter with a red and white patterned cloth. C reaches for a container on the counter and picks it up.",5025,499
output/frames/5025/img_003175.jpg,3153,3306,3175,"C walks into the kitchen, passing by a refrigerator and a counter with a red and white patterned cloth. C reaches for a container on the counter and picks it up.",5025,499
output/frames/5025/img_003176.jpg,3153,3306,3176,"C walks into the kitchen, passing by a refrigerator and a counter with a red and white patterned cloth. C reaches for a container on the counter and picks it up.",5025,499
output/frames/5025/img_003177.jpg,3153,3306,3177,"C walks into the kitchen, passing by a refrigerator and a counter with a red and white patterned cloth. C reaches for a container on the counter and picks it up.",5025,499
output/frames/5025/img_003178.jpg,3153,3306,3178,"C walks into the kitchen, passing by a refrigerator and a counter with a red and white patterned cloth. C reaches for a container on the counter and picks it up.",5025,499
output/frames/5025/img_003179.jpg,3153,3306,3179,"C walks into the kitchen, passing by a refrigerator and a counter with a red and white patterned cloth. C reaches for a container on the counter and picks it up.",5025,499
output/frames/5025/img_003180.jpg,3153,3306,3180,"C walks into the kitchen, passing by a refrigerator and a counter with a red and white patterned cloth. C reaches for a container on the counter and picks it up.",5025,499
output/frames/5025/img_003181.jpg,3153,3306,3181,"C walks into the kitchen, passing by a refrigerator and a counter with a red and white patterned cloth. C reaches for a container on the counter and picks it up.",5025,499
output/frames/5025/img_003182.jpg,3153,3306,3182,"C walks into the kitchen, passing by a refrigerator and a counter with a red and white patterned cloth. C reaches for a container on the counter and picks it up.",5025,499
output/frames/5025/img_003183.jpg,3153,3306,3183,"C walks into the kitchen, passing by a refrigerator and a counter with a red and white patterned cloth. C reaches for a container on the counter and picks it up.",5025,499
output/frames/5025/img_003184.jpg,3153,3306,3184,"C walks into the kitchen, passing by a refrigerator and a counter with a red and white patterned cloth. C reaches for a container on the counter and picks it up.",5025,499
output/frames/5025/img_003185.jpg,3153,3306,3185,"C walks into the kitchen, passing by a refrigerator and a counter with a red and white patterned cloth. C reaches for a container on the counter and picks it up.",5025,499
output/frames/5025/img_003186.jpg,3153,3306,3186,"C walks into the kitchen, passing by a refrigerator and a counter with a red and white patterned cloth. C reaches for a container on the counter and picks it up.",5025,499
output/frames/5025/img_003187.jpg,3153,3306,3187,"C walks into the kitchen, passing by a refrigerator and a counter with a red and white patterned cloth. C reaches for a container on the counter and picks it up.",5025,499
output/frames/5025/img_003188.jpg,3153,3306,3188,"C walks into the kitchen, passing by a refrigerator and a counter with a red and white patterned cloth. C reaches for a container on the counter and picks it up.",5025,499
output/frames/5025/img_003189.jpg,3153,3306,3189,"C walks into the kitchen, passing by a refrigerator and a counter with a red and white patterned cloth. C reaches for a container on the counter and picks it up.",5025,499
output/frames/5025/img_003190.jpg,3153,3306,3190,"C walks into the kitchen, passing by a refrigerator and a counter with a red and white patterned cloth. C reaches for a container on the counter and picks it up.",5025,499
output/frames/5025/img_003191.jpg,3153,3306,3191,"C walks into the kitchen, passing by a refrigerator and a counter with a red and white patterned cloth. C reaches for a container on the counter and picks it up.",5025,499
output/frames/5025/img_003192.jpg,3153,3306,3192,"C walks into the kitchen, passing by a refrigerator and a counter with a red and white patterned cloth. C reaches for a container on the counter and picks it up.",5025,499
output/frames/5025/img_003193.jpg,3153,3306,3193,"C walks into the kitchen, passing by a refrigerator and a counter with a red and white patterned cloth. C reaches for a container on the counter and picks it up.",5025,499
output/frames/5025/img_003194.jpg,3153,3306,3194,"C walks into the kitchen, passing by a refrigerator and a counter with a red and white patterned cloth. C reaches for a container on the counter and picks it up.",5025,499
output/frames/5025/img_003195.jpg,3153,3306,3195,"C walks into the kitchen, passing by a refrigerator and a counter with a red and white patterned cloth. C reaches for a container on the counter and picks it up.",5025,499
output/frames/5025/img_003196.jpg,3153,3306,3196,"C walks into the kitchen, passing by a refrigerator and a counter with a red and white patterned cloth. C reaches for a container on the counter and picks it up.",5025,499
output/frames/5025/img_003197.jpg,3153,3306,3197,"C walks into the kitchen, passing by a refrigerator and a counter with a red and white patterned cloth. C reaches for a container on the counter and picks it up.",5025,499
output/frames/5025/img_003198.jpg,3153,3306,3198,"C walks into the kitchen, passing by a refrigerator and a counter with a red and white patterned cloth. C reaches for a container on the counter and picks it up.",5025,499
output/frames/5025/img_003199.jpg,3153,3306,3199,"C walks into the kitchen, passing by a refrigerator and a counter with a red and white patterned cloth. C reaches for a container on the counter and picks it up.",5025,499
output/frames/5025/img_003200.jpg,3153,3306,3200,"C walks into the kitchen, passing by a refrigerator and a counter with a red and white patterned cloth. C reaches for a container on the counter and picks it up.",5025,499
output/frames/5025/img_003201.jpg,3153,3306,3201,"C walks into the kitchen, passing by a refrigerator and a counter with a red and white patterned cloth. C reaches for a container on the counter and picks it up.",5025,499
output/frames/5025/img_003202.jpg,3153,3306,3202,"C walks into the kitchen, passing by a refrigerator and a counter with a red and white patterned cloth. C reaches for a container on the counter and picks it up.",5025,499
output/frames/5025/img_003203.jpg,3153,3306,3203,"C walks into the kitchen, passing by a refrigerator and a counter with a red and white patterned cloth. C reaches for a container on the counter and picks it up.",5025,499
output/frames/5025/img_003204.jpg,3153,3306,3204,"C walks into the kitchen, passing by a refrigerator and a counter with a red and white patterned cloth. C reaches for a container on the counter and picks it up.",5025,499
output/frames/5025/img_003205.jpg,3153,3306,3205,"C walks into the kitchen, passing by a refrigerator and a counter with a red and white patterned cloth. C reaches for a container on the counter and picks it up.",5025,499
output/frames/5025/img_003206.jpg,3153,3306,3206,"C walks into the kitchen, passing by a refrigerator and a counter with a red and white patterned cloth. C reaches for a container on the counter and picks it up.",5025,499
output/frames/5025/img_003207.jpg,3153,3306,3207,"C walks into the kitchen, passing by a refrigerator and a counter with a red and white patterned cloth. C reaches for a container on the counter and picks it up.",5025,499
output/frames/5025/img_003208.jpg,3153,3306,3208,"C walks into the kitchen, passing by a refrigerator and a counter with a red and white patterned cloth. C reaches for a container on the counter and picks it up.",5025,499
output/frames/5025/img_003209.jpg,3153,3306,3209,"C walks into the kitchen, passing by a refrigerator and a counter with a red and white patterned cloth. C reaches for a container on the counter and picks it up.",5025,499
output/frames/5025/img_003210.jpg,3153,3306,3210,"C walks into the kitchen, passing by a refrigerator and a counter with a red and white patterned cloth. C reaches for a container on the counter and picks it up.",5025,499
output/frames/5025/img_003211.jpg,3153,3306,3211,"C walks into the kitchen, passing by a refrigerator and a counter with a red and white patterned cloth. C reaches for a container on the counter and picks it up.",5025,499
output/frames/5025/img_003212.jpg,3153,3306,3212,"C walks into the kitchen, passing by a refrigerator and a counter with a red and white patterned cloth. C reaches for a container on the counter and picks it up.",5025,499
output/frames/5025/img_003213.jpg,3153,3306,3213,"C walks into the kitchen, passing by a refrigerator and a counter with a red and white patterned cloth. C reaches for a container on the counter and picks it up.",5025,499
output/frames/5025/img_003214.jpg,3153,3306,3214,"C walks into the kitchen, passing by a refrigerator and a counter with a red and white patterned cloth. C reaches for a container on the counter and picks it up.",5025,499
output/frames/5025/img_003215.jpg,3153,3306,3215,"C walks into the kitchen, passing by a refrigerator and a counter with a red and white patterned cloth. C reaches for a container on the counter and picks it up.",5025,499
output/frames/5025/img_003216.jpg,3153,3306,3216,"C walks into the kitchen, passing by a refrigerator and a counter with a red and white patterned cloth. C reaches for a container on the counter and picks it up.",5025,499
output/frames/5025/img_003217.jpg,3153,3306,3217,"C walks into the kitchen, passing by a refrigerator and a counter with a red and white patterned cloth. C reaches for a container on the counter and picks it up.",5025,499
output/frames/5025/img_003218.jpg,3153,3306,3218,"C walks into the kitchen, passing by a refrigerator and a counter with a red and white patterned cloth. C reaches for a container on the counter and picks it up.",5025,499
output/frames/5025/img_003219.jpg,3153,3306,3219,"C walks into the kitchen, passing by a refrigerator and a counter with a red and white patterned cloth. C reaches for a container on the counter and picks it up.",5025,499
output/frames/5025/img_003220.jpg,3153,3306,3220,"C walks into the kitchen, passing by a refrigerator and a counter with a red and white patterned cloth. C reaches for a container on the counter and picks it up.",5025,499
output/frames/5025/img_003221.jpg,3153,3306,3221,"C walks into the kitchen, passing by a refrigerator and a counter with a red and white patterned cloth. C reaches for a container on the counter and picks it up.",5025,499
output/frames/5025/img_003222.jpg,3153,3306,3222,"C walks into the kitchen, passing by a refrigerator and a counter with a red and white patterned cloth. C reaches for a container on the counter and picks it up.",5025,499
output/frames/5025/img_003223.jpg,3153,3306,3223,"C walks into the kitchen, passing by a refrigerator and a counter with a red and white patterned cloth. C reaches for a container on the counter and picks it up.",5025,499
output/frames/5025/img_003224.jpg,3153,3306,3224,"C walks into the kitchen, passing by a refrigerator and a counter with a red and white patterned cloth. C reaches for a container on the counter and picks it up.",5025,499
output/frames/5025/img_003225.jpg,3153,3306,3225,"C walks into the kitchen, passing by a refrigerator and a counter with a red and white patterned cloth. C reaches for a container on the counter and picks it up.",5025,499
output/frames/5025/img_003226.jpg,3153,3306,3226,"C walks into the kitchen, passing by a refrigerator and a counter with a red and white patterned cloth. C reaches for a container on the counter and picks it up.",5025,499
output/frames/5025/img_003227.jpg,3153,3306,3227,"C walks into the kitchen, passing by a refrigerator and a counter with a red and white patterned cloth. C reaches for a container on the counter and picks it up.",5025,499
output/frames/5025/img_003228.jpg,3153,3306,3228,"C walks into the kitchen, passing by a refrigerator and a counter with a red and white patterned cloth. C reaches for a container on the counter and picks it up.",5025,499
output/frames/5025/img_003229.jpg,3153,3306,3229,"C walks into the kitchen, passing by a refrigerator and a counter with a red and white patterned cloth. C reaches for a container on the counter and picks it up.",5025,499
output/frames/5025/img_003230.jpg,3153,3306,3230,"C walks into the kitchen, passing by a refrigerator and a counter with a red and white patterned cloth. C reaches for a container on the counter and picks it up.",5025,499
output/frames/5025/img_003231.jpg,3153,3306,3231,"C walks into the kitchen, passing by a refrigerator and a counter with a red and white patterned cloth. C reaches for a container on the counter and picks it up.",5025,499
output/frames/5025/img_003232.jpg,3153,3306,3232,"C walks into the kitchen, passing by a refrigerator and a counter with a red and white patterned cloth. C reaches for a container on the counter and picks it up.",5025,499
output/frames/5025/img_003233.jpg,3153,3306,3233,"C walks into the kitchen, passing by a refrigerator and a counter with a red and white patterned cloth. C reaches for a container on the counter and picks it up.",5025,499
output/frames/5025/img_003234.jpg,3153,3306,3234,"C walks into the kitchen, passing by a refrigerator and a counter with a red and white patterned cloth. C reaches for a container on the counter and picks it up.",5025,499
output/frames/5025/img_003235.jpg,3153,3306,3235,"C walks into the kitchen, passing by a refrigerator and a counter with a red and white patterned cloth. C reaches for a container on the counter and picks it up.",5025,499
output/frames/5025/img_003236.jpg,3153,3306,3236,"C walks into the kitchen, passing by a refrigerator and a counter with a red and white patterned cloth. C reaches for a container on the counter and picks it up.",5025,499
output/frames/5025/img_003237.jpg,3153,3306,3237,"C walks into the kitchen, passing by a refrigerator and a counter with a red and white patterned cloth. C reaches for a container on the counter and picks it up.",5025,499
output/frames/5025/img_003238.jpg,3153,3306,3238,"C walks into the kitchen, passing by a refrigerator and a counter with a red and white patterned cloth. C reaches for a container on the counter and picks it up.",5025,499
output/frames/5025/img_003239.jpg,3153,3306,3239,"C walks into the kitchen, passing by a refrigerator and a counter with a red and white patterned cloth. C reaches for a container on the counter and picks it up.",5025,499
output/frames/5025/img_003240.jpg,3153,3306,3240,"C walks into the kitchen, passing by a refrigerator and a counter with a red and white patterned cloth. C reaches for a container on the counter and picks it up.",5025,499
output/frames/5025/img_003241.jpg,3153,3306,3241,"C walks into the kitchen, passing by a refrigerator and a counter with a red and white patterned cloth. C reaches for a container on the counter and picks it up.",5025,499
output/frames/5025/img_003242.jpg,3153,3306,3242,"C walks into the kitchen, passing by a refrigerator and a counter with a red and white patterned cloth. C reaches for a container on the counter and picks it up.",5025,499
output/frames/5025/img_003243.jpg,3153,3306,3243,"C walks into the kitchen, passing by a refrigerator and a counter with a red and white patterned cloth. C reaches for a container on the counter and picks it up.",5025,499
output/frames/5025/img_003244.jpg,3153,3306,3244,"C walks into the kitchen, passing by a refrigerator and a counter with a red and white patterned cloth. C reaches for a container on the counter and picks it up.",5025,499
output/frames/5025/img_003245.jpg,3153,3306,3245,"C walks into the kitchen, passing by a refrigerator and a counter with a red and white patterned cloth. C reaches for a container on the counter and picks it up.",5025,499
output/frames/5025/img_003246.jpg,3153,3306,3246,"C walks into the kitchen, passing by a refrigerator and a counter with a red and white patterned cloth. C reaches for a container on the counter and picks it up.",5025,499
output/frames/5025/img_003247.jpg,3153,3306,3247,"C walks into the kitchen, passing by a refrigerator and a counter with a red and white patterned cloth. C reaches for a container on the counter and picks it up.",5025,499
output/frames/5025/img_003248.jpg,3153,3306,3248,"C walks into the kitchen, passing by a refrigerator and a counter with a red and white patterned cloth. C reaches for a container on the counter and picks it up.",5025,499
output/frames/5025/img_003249.jpg,3153,3306,3249,"C walks into the kitchen, passing by a refrigerator and a counter with a red and white patterned cloth. C reaches for a container on the counter and picks it up.",5025,499
output/frames/5025/img_003250.jpg,3153,3306,3250,"C walks into the kitchen, passing by a refrigerator and a counter with a red and white patterned cloth. C reaches for a container on the counter and picks it up.",5025,499
output/frames/5025/img_003251.jpg,3153,3306,3251,"C walks into the kitchen, passing by a refrigerator and a counter with a red and white patterned cloth. C reaches for a container on the counter and picks it up.",5025,499
output/frames/5025/img_003252.jpg,3153,3306,3252,"C walks into the kitchen, passing by a refrigerator and a counter with a red and white patterned cloth. C reaches for a container on the counter and picks it up.",5025,499
output/frames/5025/img_003253.jpg,3153,3306,3253,"C walks into the kitchen, passing by a refrigerator and a counter with a red and white patterned cloth. C reaches for a container on the counter and picks it up.",5025,499
output/frames/5025/img_003254.jpg,3153,3306,3254,"C walks into the kitchen, passing by a refrigerator and a counter with a red and white patterned cloth. C reaches for a container on the counter and picks it up.",5025,499
output/frames/5025/img_003255.jpg,3153,3306,3255,"C walks into the kitchen, passing by a refrigerator and a counter with a red and white patterned cloth. C reaches for a container on the counter and picks it up.",5025,499
output/frames/5025/img_003256.jpg,3153,3306,3256,"C walks into the kitchen, passing by a refrigerator and a counter with a red and white patterned cloth. C reaches for a container on the counter and picks it up.",5025,499
output/frames/5025/img_003257.jpg,3153,3306,3257,"C walks into the kitchen, passing by a refrigerator and a counter with a red and white patterned cloth. C reaches for a container on the counter and picks it up.",5025,499
output/frames/5025/img_003258.jpg,3153,3306,3258,"C walks into the kitchen, passing by a refrigerator and a counter with a red and white patterned cloth. C reaches for a container on the counter and picks it up.",5025,499
output/frames/5025/img_003259.jpg,3153,3306,3259,"C walks into the kitchen, passing by a refrigerator and a counter with a red and white patterned cloth. C reaches for a container on the counter and picks it up.",5025,499
output/frames/5025/img_003260.jpg,3153,3306,3260,"C walks into the kitchen, passing by a refrigerator and a counter with a red and white patterned cloth. C reaches for a container on the counter and picks it up.",5025,499
output/frames/5025/img_003261.jpg,3153,3306,3261,"C walks into the kitchen, passing by a refrigerator and a counter with a red and white patterned cloth. C reaches for a container on the counter and picks it up.",5025,499
output/frames/5025/img_003262.jpg,3153,3306,3262,"C walks into the kitchen, passing by a refrigerator and a counter with a red and white patterned cloth. C reaches for a container on the counter and picks it up.",5025,499
output/frames/5025/img_003263.jpg,3153,3306,3263,"C walks into the kitchen, passing by a refrigerator and a counter with a red and white patterned cloth. C reaches for a container on the counter and picks it up.",5025,499
output/frames/5025/img_003264.jpg,3153,3306,3264,"C walks into the kitchen, passing by a refrigerator and a counter with a red and white patterned cloth. C reaches for a container on the counter and picks it up.",5025,499
output/frames/5025/img_003265.jpg,3153,3306,3265,"C walks into the kitchen, passing by a refrigerator and a counter with a red and white patterned cloth. C reaches for a container on the counter and picks it up.",5025,499
output/frames/5025/img_003266.jpg,3153,3306,3266,"C walks into the kitchen, passing by a refrigerator and a counter with a red and white patterned cloth. C reaches for a container on the counter and picks it up.",5025,499
output/frames/5025/img_003267.jpg,3153,3306,3267,"C walks into the kitchen, passing by a refrigerator and a counter with a red and white patterned cloth. C reaches for a container on the counter and picks it up.",5025,499
output/frames/5025/img_003268.jpg,3153,3306,3268,"C walks into the kitchen, passing by a refrigerator and a counter with a red and white patterned cloth. C reaches for a container on the counter and picks it up.",5025,499
output/frames/5025/img_003269.jpg,3153,3306,3269,"C walks into the kitchen, passing by a refrigerator and a counter with a red and white patterned cloth. C reaches for a container on the counter and picks it up.",5025,499
output/frames/5025/img_003270.jpg,3153,3306,3270,"C walks into the kitchen, passing by a refrigerator and a counter with a red and white patterned cloth. C reaches for a container on the counter and picks it up.",5025,499
output/frames/5025/img_003271.jpg,3153,3306,3271,"C walks into the kitchen, passing by a refrigerator and a counter with a red and white patterned cloth. C reaches for a container on the counter and picks it up.",5025,499
output/frames/5025/img_003272.jpg,3153,3306,3272,"C walks into the kitchen, passing by a refrigerator and a counter with a red and white patterned cloth. C reaches for a container on the counter and picks it up.",5025,499
output/frames/5025/img_003273.jpg,3153,3306,3273,"C walks into the kitchen, passing by a refrigerator and a counter with a red and white patterned cloth. C reaches for a container on the counter and picks it up.",5025,499
output/frames/5025/img_003274.jpg,3153,3306,3274,"C walks into the kitchen, passing by a refrigerator and a counter with a red and white patterned cloth. C reaches for a container on the counter and picks it up.",5025,499
output/frames/5025/img_003275.jpg,3153,3306,3275,"C walks into the kitchen, passing by a refrigerator and a counter with a red and white patterned cloth. C reaches for a container on the counter and picks it up.",5025,499
output/frames/5025/img_003276.jpg,3153,3306,3276,"C walks into the kitchen, passing by a refrigerator and a counter with a red and white patterned cloth. C reaches for a container on the counter and picks it up.",5025,499
output/frames/5025/img_003277.jpg,3153,3306,3277,"C walks into the kitchen, passing by a refrigerator and a counter with a red and white patterned cloth. C reaches for a container on the counter and picks it up.",5025,499
output/frames/5025/img_003278.jpg,3153,3306,3278,"C walks into the kitchen, passing by a refrigerator and a counter with a red and white patterned cloth. C reaches for a container on the counter and picks it up.",5025,499
output/frames/5025/img_003279.jpg,3153,3306,3279,"C walks into the kitchen, passing by a refrigerator and a counter with a red and white patterned cloth. C reaches for a container on the counter and picks it up.",5025,499
output/frames/5025/img_003280.jpg,3153,3306,3280,"C walks into the kitchen, passing by a refrigerator and a counter with a red and white patterned cloth. C reaches for a container on the counter and picks it up.",5025,499
output/frames/5025/img_003281.jpg,3153,3306,3281,"C walks into the kitchen, passing by a refrigerator and a counter with a red and white patterned cloth. C reaches for a container on the counter and picks it up.",5025,499
output/frames/5025/img_003282.jpg,3153,3306,3282,"C walks into the kitchen, passing by a refrigerator and a counter with a red and white patterned cloth. C reaches for a container on the counter and picks it up.",5025,499
output/frames/5025/img_003283.jpg,3153,3306,3283,"C walks into the kitchen, passing by a refrigerator and a counter with a red and white patterned cloth. C reaches for a container on the counter and picks it up.",5025,499
output/frames/5025/img_003284.jpg,3153,3306,3284,"C walks into the kitchen, passing by a refrigerator and a counter with a red and white patterned cloth. C reaches for a container on the counter and picks it up.",5025,499
output/frames/5025/img_003285.jpg,3153,3306,3285,"C walks into the kitchen, passing by a refrigerator and a counter with a red and white patterned cloth. C reaches for a container on the counter and picks it up.",5025,499
output/frames/5025/img_003286.jpg,3153,3306,3286,"C walks into the kitchen, passing by a refrigerator and a counter with a red and white patterned cloth. C reaches for a container on the counter and picks it up.",5025,499
output/frames/5025/img_003287.jpg,3153,3306,3287,"C walks into the kitchen, passing by a refrigerator and a counter with a red and white patterned cloth. C reaches for a container on the counter and picks it up.",5025,499
output/frames/5025/img_003288.jpg,3153,3306,3288,"C walks into the kitchen, passing by a refrigerator and a counter with a red and white patterned cloth. C reaches for a container on the counter and picks it up.",5025,499
output/frames/5025/img_003289.jpg,3153,3306,3289,"C walks into the kitchen, passing by a refrigerator and a counter with a red and white patterned cloth. C reaches for a container on the counter and picks it up.",5025,499
output/frames/5025/img_003290.jpg,3153,3306,3290,"C walks into the kitchen, passing by a refrigerator and a counter with a red and white patterned cloth. C reaches for a container on the counter and picks it up.",5025,499
output/frames/5025/img_003291.jpg,3153,3306,3291,"C walks into the kitchen, passing by a refrigerator and a counter with a red and white patterned cloth. C reaches for a container on the counter and picks it up.",5025,499
output/frames/5025/img_003292.jpg,3153,3306,3292,"C walks into the kitchen, passing by a refrigerator and a counter with a red and white patterned cloth. C reaches for a container on the counter and picks it up.",5025,499
output/frames/5025/img_003293.jpg,3153,3306,3293,"C walks into the kitchen, passing by a refrigerator and a counter with a red and white patterned cloth. C reaches for a container on the counter and picks it up.",5025,499
output/frames/5025/img_003294.jpg,3153,3306,3294,"C walks into the kitchen, passing by a refrigerator and a counter with a red and white patterned cloth. C reaches for a container on the counter and picks it up.",5025,499
output/frames/5025/img_003295.jpg,3153,3306,3295,"C walks into the kitchen, passing by a refrigerator and a counter with a red and white patterned cloth. C reaches for a container on the counter and picks it up.",5025,499
output/frames/5025/img_003296.jpg,3153,3306,3296,"C walks into the kitchen, passing by a refrigerator and a counter with a red and white patterned cloth. C reaches for a container on the counter and picks it up.",5025,499
output/frames/5025/img_003297.jpg,3153,3306,3297,"C walks into the kitchen, passing by a refrigerator and a counter with a red and white patterned cloth. C reaches for a container on the counter and picks it up.",5025,499
output/frames/5025/img_003298.jpg,3153,3306,3298,"C walks into the kitchen, passing by a refrigerator and a counter with a red and white patterned cloth. C reaches for a container on the counter and picks it up.",5025,499
output/frames/5025/img_003299.jpg,3153,3306,3299,"C walks into the kitchen, passing by a refrigerator and a counter with a red and white patterned cloth. C reaches for a container on the counter and picks it up.",5025,499
output/frames/5025/img_003300.jpg,3153,3306,3300,"C walks into the kitchen, passing by a refrigerator and a counter with a red and white patterned cloth. C reaches for a container on the counter and picks it up.",5025,499
output/frames/5025/img_003301.jpg,3153,3306,3301,"C walks into the kitchen, passing by a refrigerator and a counter with a red and white patterned cloth. C reaches for a container on the counter and picks it up.",5025,499
output/frames/5025/img_003302.jpg,3153,3306,3302,"C walks into the kitchen, passing by a refrigerator and a counter with a red and white patterned cloth. C reaches for a container on the counter and picks it up.",5025,499
output/frames/5025/img_003303.jpg,3153,3306,3303,"C walks into the kitchen, passing by a refrigerator and a counter with a red and white patterned cloth. C reaches for a container on the counter and picks it up.",5025,499
output/frames/5025/img_003304.jpg,3153,3306,3304,"C walks into the kitchen, passing by a refrigerator and a counter with a red and white patterned cloth. C reaches for a container on the counter and picks it up.",5025,499
output/frames/5025/img_003305.jpg,3153,3306,3305,"C walks into the kitchen, passing by a refrigerator and a counter with a red and white patterned cloth. C reaches for a container on the counter and picks it up.",5025,499
output/frames/5025/img_003306.jpg,3153,3306,3306,"C walks into the kitchen, passing by a refrigerator and a counter with a red and white patterned cloth. C reaches for a container on the counter and picks it up.",5025,499
output/frames/5025/img_003307.jpg,3307,3560,3307,"C opens a large white container with a black handle. C reaches inside the container with both hands, pulling out a white plastic cup. C holds the cup with both hands, examining it.",5025,499
output/frames/5025/img_003367.jpg,3307,3560,3367,"C opens a large white container with a black handle. C reaches inside the container with both hands, pulling out a white plastic cup. C holds the cup with both hands, examining it.",5025,499
output/frames/5025/img_003427.jpg,3307,3560,3427,"C opens a large white container with a black handle. C reaches inside the container with both hands, pulling out a white plastic cup. C holds the cup with both hands, examining it.",5025,499
output/frames/5025/img_003487.jpg,3307,3560,3487,"C opens a large white container with a black handle. C reaches inside the container with both hands, pulling out a white plastic cup. C holds the cup with both hands, examining it.",5025,499
output/frames/5025/img_003547.jpg,3307,3560,3547,"C opens a large white container with a black handle. C reaches inside the container with both hands, pulling out a white plastic cup. C holds the cup with both hands, examining it.",5025,499
output/frames/5025/img_003561.jpg,3561,3779,3561,C picks up a jug from the counter and walks towards the kitchen. They then turn around and walk back towards the counter. C approaches a table and begins to prepare food.,5025,499
output/frames/5025/img_003621.jpg,3561,3779,3621,C picks up a jug from the counter and walks towards the kitchen. They then turn around and walk back towards the counter. C approaches a table and begins to prepare food.,5025,499
output/frames/5025/img_003681.jpg,3561,3779,3681,C picks up a jug from the counter and walks towards the kitchen. They then turn around and walk back towards the counter. C approaches a table and begins to prepare food.,5025,499
output/frames/5025/img_003741.jpg,3561,3779,3741,C picks up a jug from the counter and walks towards the kitchen. They then turn around and walk back towards the counter. C approaches a table and begins to prepare food.,5025,499
output/frames/5025/img_003780.jpg,3780,3938,3780,"C moves a tray of dough on the table, then picks up a plastic cup. C walks towards the oven and opens the door.",5025,499
output/frames/5025/img_003783.jpg,3780,3938,3783,"C moves a tray of dough on the table, then picks up a plastic cup. C walks towards the oven and opens the door.",5025,499
output/frames/5025/img_003786.jpg,3780,3938,3786,"C moves a tray of dough on the table, then picks up a plastic cup. C walks towards the oven and opens the door.",5025,499
output/frames/5025/img_003789.jpg,3780,3938,3789,"C moves a tray of dough on the table, then picks up a plastic cup. C walks towards the oven and opens the door.",5025,499
output/frames/5025/img_003792.jpg,3780,3938,3792,"C moves a tray of dough on the table, then picks up a plastic cup. C walks towards the oven and opens the door.",5025,499
output/frames/5025/img_003795.jpg,3780,3938,3795,"C moves a tray of dough on the table, then picks up a plastic cup. C walks towards the oven and opens the door.",5025,499
output/frames/5025/img_003798.jpg,3780,3938,3798,"C moves a tray of dough on the table, then picks up a plastic cup. C walks towards the oven and opens the door.",5025,499
output/frames/5025/img_003801.jpg,3780,3938,3801,"C moves a tray of dough on the table, then picks up a plastic cup. C walks towards the oven and opens the door.",5025,499
output/frames/5025/img_003804.jpg,3780,3938,3804,"C moves a tray of dough on the table, then picks up a plastic cup. C walks towards the oven and opens the door.",5025,499
output/frames/5025/img_003807.jpg,3780,3938,3807,"C moves a tray of dough on the table, then picks up a plastic cup. C walks towards the oven and opens the door.",5025,499
output/frames/5025/img_003810.jpg,3780,3938,3810,"C moves a tray of dough on the table, then picks up a plastic cup. C walks towards the oven and opens the door.",5025,499
output/frames/5025/img_003813.jpg,3780,3938,3813,"C moves a tray of dough on the table, then picks up a plastic cup. C walks towards the oven and opens the door.",5025,499
output/frames/5025/img_003816.jpg,3780,3938,3816,"C moves a tray of dough on the table, then picks up a plastic cup. C walks towards the oven and opens the door.",5025,499
output/frames/5025/img_003819.jpg,3780,3938,3819,"C moves a tray of dough on the table, then picks up a plastic cup. C walks towards the oven and opens the door.",5025,499
output/frames/5025/img_003822.jpg,3780,3938,3822,"C moves a tray of dough on the table, then picks up a plastic cup. C walks towards the oven and opens the door.",5025,499
output/frames/5025/img_003825.jpg,3780,3938,3825,"C moves a tray of dough on the table, then picks up a plastic cup. C walks towards the oven and opens the door.",5025,499
output/frames/5025/img_003828.jpg,3780,3938,3828,"C moves a tray of dough on the table, then picks up a plastic cup. C walks towards the oven and opens the door.",5025,499
output/frames/5025/img_003831.jpg,3780,3938,3831,"C moves a tray of dough on the table, then picks up a plastic cup. C walks towards the oven and opens the door.",5025,499
output/frames/5025/img_003834.jpg,3780,3938,3834,"C moves a tray of dough on the table, then picks up a plastic cup. C walks towards the oven and opens the door.",5025,499
output/frames/5025/img_003837.jpg,3780,3938,3837,"C moves a tray of dough on the table, then picks up a plastic cup. C walks towards the oven and opens the door.",5025,499
output/frames/5025/img_003840.jpg,3780,3938,3840,"C moves a tray of dough on the table, then picks up a plastic cup. C walks towards the oven and opens the door.",5025,499
output/frames/5025/img_003843.jpg,3780,3938,3843,"C moves a tray of dough on the table, then picks up a plastic cup. C walks towards the oven and opens the door.",5025,499
output/frames/5025/img_003846.jpg,3780,3938,3846,"C moves a tray of dough on the table, then picks up a plastic cup. C walks towards the oven and opens the door.",5025,499
output/frames/5025/img_003849.jpg,3780,3938,3849,"C moves a tray of dough on the table, then picks up a plastic cup. C walks towards the oven and opens the door.",5025,499
output/frames/5025/img_003852.jpg,3780,3938,3852,"C moves a tray of dough on the table, then picks up a plastic cup. C walks towards the oven and opens the door.",5025,499
output/frames/5025/img_003855.jpg,3780,3938,3855,"C moves a tray of dough on the table, then picks up a plastic cup. C walks towards the oven and opens the door.",5025,499
output/frames/5025/img_003858.jpg,3780,3938,3858,"C moves a tray of dough on the table, then picks up a plastic cup. C walks towards the oven and opens the door.",5025,499
output/frames/5025/img_003861.jpg,3780,3938,3861,"C moves a tray of dough on the table, then picks up a plastic cup. C walks towards the oven and opens the door.",5025,499
output/frames/5025/img_003864.jpg,3780,3938,3864,"C moves a tray of dough on the table, then picks up a plastic cup. C walks towards the oven and opens the door.",5025,499
output/frames/5025/img_003867.jpg,3780,3938,3867,"C moves a tray of dough on the table, then picks up a plastic cup. C walks towards the oven and opens the door.",5025,499
output/frames/5025/img_003870.jpg,3780,3938,3870,"C moves a tray of dough on the table, then picks up a plastic cup. C walks towards the oven and opens the door.",5025,499
output/frames/5025/img_003873.jpg,3780,3938,3873,"C moves a tray of dough on the table, then picks up a plastic cup. C walks towards the oven and opens the door.",5025,499
output/frames/5025/img_003876.jpg,3780,3938,3876,"C moves a tray of dough on the table, then picks up a plastic cup. C walks towards the oven and opens the door.",5025,499
output/frames/5025/img_003879.jpg,3780,3938,3879,"C moves a tray of dough on the table, then picks up a plastic cup. C walks towards the oven and opens the door.",5025,499
output/frames/5025/img_003882.jpg,3780,3938,3882,"C moves a tray of dough on the table, then picks up a plastic cup. C walks towards the oven and opens the door.",5025,499
output/frames/5025/img_003885.jpg,3780,3938,3885,"C moves a tray of dough on the table, then picks up a plastic cup. C walks towards the oven and opens the door.",5025,499
output/frames/5025/img_003888.jpg,3780,3938,3888,"C moves a tray of dough on the table, then picks up a plastic cup. C walks towards the oven and opens the door.",5025,499
output/frames/5025/img_003891.jpg,3780,3938,3891,"C moves a tray of dough on the table, then picks up a plastic cup. C walks towards the oven and opens the door.",5025,499
output/frames/5025/img_003894.jpg,3780,3938,3894,"C moves a tray of dough on the table, then picks up a plastic cup. C walks towards the oven and opens the door.",5025,499
output/frames/5025/img_003897.jpg,3780,3938,3897,"C moves a tray of dough on the table, then picks up a plastic cup. C walks towards the oven and opens the door.",5025,499
output/frames/5025/img_003900.jpg,3780,3938,3900,"C moves a tray of dough on the table, then picks up a plastic cup. C walks towards the oven and opens the door.",5025,499
output/frames/5025/img_003903.jpg,3780,3938,3903,"C moves a tray of dough on the table, then picks up a plastic cup. C walks towards the oven and opens the door.",5025,499
output/frames/5025/img_003906.jpg,3780,3938,3906,"C moves a tray of dough on the table, then picks up a plastic cup. C walks towards the oven and opens the door.",5025,499
output/frames/5025/img_003909.jpg,3780,3938,3909,"C moves a tray of dough on the table, then picks up a plastic cup. C walks towards the oven and opens the door.",5025,499
output/frames/5025/img_003912.jpg,3780,3938,3912,"C moves a tray of dough on the table, then picks up a plastic cup. C walks towards the oven and opens the door.",5025,499
output/frames/5025/img_003915.jpg,3780,3938,3915,"C moves a tray of dough on the table, then picks up a plastic cup. C walks towards the oven and opens the door.",5025,499
output/frames/5025/img_003918.jpg,3780,3938,3918,"C moves a tray of dough on the table, then picks up a plastic cup. C walks towards the oven and opens the door.",5025,499
output/frames/5025/img_003921.jpg,3780,3938,3921,"C moves a tray of dough on the table, then picks up a plastic cup. C walks towards the oven and opens the door.",5025,499
output/frames/5025/img_003924.jpg,3780,3938,3924,"C moves a tray of dough on the table, then picks up a plastic cup. C walks towards the oven and opens the door.",5025,499
output/frames/5025/img_003927.jpg,3780,3938,3927,"C moves a tray of dough on the table, then picks up a plastic cup. C walks towards the oven and opens the door.",5025,499
output/frames/5025/img_003930.jpg,3780,3938,3930,"C moves a tray of dough on the table, then picks up a plastic cup. C walks towards the oven and opens the door.",5025,499
output/frames/5025/img_003933.jpg,3780,3938,3933,"C moves a tray of dough on the table, then picks up a plastic cup. C walks towards the oven and opens the door.",5025,499
output/frames/5025/img_003936.jpg,3780,3938,3936,"C moves a tray of dough on the table, then picks up a plastic cup. C walks towards the oven and opens the door.",5025,499
output/frames/5025/img_003939.jpg,3939,4363,3939,C picks up a jug of water from the sink and pours it into a mixing bowl. C then turns on the water tap and fills the jug with water. C places the jug back on the sink.,5025,499
output/frames/5025/img_003941.jpg,3939,4363,3941,C picks up a jug of water from the sink and pours it into a mixing bowl. C then turns on the water tap and fills the jug with water. C places the jug back on the sink.,5025,499
output/frames/5025/img_003943.jpg,3939,4363,3943,C picks up a jug of water from the sink and pours it into a mixing bowl. C then turns on the water tap and fills the jug with water. C places the jug back on the sink.,5025,499
output/frames/5025/img_003945.jpg,3939,4363,3945,C picks up a jug of water from the sink and pours it into a mixing bowl. C then turns on the water tap and fills the jug with water. C places the jug back on the sink.,5025,499
output/frames/5025/img_003947.jpg,3939,4363,3947,C picks up a jug of water from the sink and pours it into a mixing bowl. C then turns on the water tap and fills the jug with water. C places the jug back on the sink.,5025,499
output/frames/5025/img_003949.jpg,3939,4363,3949,C picks up a jug of water from the sink and pours it into a mixing bowl. C then turns on the water tap and fills the jug with water. C places the jug back on the sink.,5025,499
output/frames/5025/img_003951.jpg,3939,4363,3951,C picks up a jug of water from the sink and pours it into a mixing bowl. C then turns on the water tap and fills the jug with water. C places the jug back on the sink.,5025,499
output/frames/5025/img_003953.jpg,3939,4363,3953,C picks up a jug of water from the sink and pours it into a mixing bowl. C then turns on the water tap and fills the jug with water. C places the jug back on the sink.,5025,499
output/frames/5025/img_003955.jpg,3939,4363,3955,C picks up a jug of water from the sink and pours it into a mixing bowl. C then turns on the water tap and fills the jug with water. C places the jug back on the sink.,5025,499
output/frames/5025/img_003957.jpg,3939,4363,3957,C picks up a jug of water from the sink and pours it into a mixing bowl. C then turns on the water tap and fills the jug with water. C places the jug back on the sink.,5025,499
output/frames/5025/img_003959.jpg,3939,4363,3959,C picks up a jug of water from the sink and pours it into a mixing bowl. C then turns on the water tap and fills the jug with water. C places the jug back on the sink.,5025,499
output/frames/5025/img_003961.jpg,3939,4363,3961,C picks up a jug of water from the sink and pours it into a mixing bowl. C then turns on the water tap and fills the jug with water. C places the jug back on the sink.,5025,499
output/frames/5025/img_003963.jpg,3939,4363,3963,C picks up a jug of water from the sink and pours it into a mixing bowl. C then turns on the water tap and fills the jug with water. C places the jug back on the sink.,5025,499
output/frames/5025/img_003965.jpg,3939,4363,3965,C picks up a jug of water from the sink and pours it into a mixing bowl. C then turns on the water tap and fills the jug with water. C places the jug back on the sink.,5025,499
output/frames/5025/img_003967.jpg,3939,4363,3967,C picks up a jug of water from the sink and pours it into a mixing bowl. C then turns on the water tap and fills the jug with water. C places the jug back on the sink.,5025,499
output/frames/5025/img_003969.jpg,3939,4363,3969,C picks up a jug of water from the sink and pours it into a mixing bowl. C then turns on the water tap and fills the jug with water. C places the jug back on the sink.,5025,499
output/frames/5025/img_003971.jpg,3939,4363,3971,C picks up a jug of water from the sink and pours it into a mixing bowl. C then turns on the water tap and fills the jug with water. C places the jug back on the sink.,5025,499
output/frames/5025/img_003973.jpg,3939,4363,3973,C picks up a jug of water from the sink and pours it into a mixing bowl. C then turns on the water tap and fills the jug with water. C places the jug back on the sink.,5025,499
output/frames/5025/img_003975.jpg,3939,4363,3975,C picks up a jug of water from the sink and pours it into a mixing bowl. C then turns on the water tap and fills the jug with water. C places the jug back on the sink.,5025,499
output/frames/5025/img_003977.jpg,3939,4363,3977,C picks up a jug of water from the sink and pours it into a mixing bowl. C then turns on the water tap and fills the jug with water. C places the jug back on the sink.,5025,499
output/frames/5025/img_003979.jpg,3939,4363,3979,C picks up a jug of water from the sink and pours it into a mixing bowl. C then turns on the water tap and fills the jug with water. C places the jug back on the sink.,5025,499
output/frames/5025/img_003981.jpg,3939,4363,3981,C picks up a jug of water from the sink and pours it into a mixing bowl. C then turns on the water tap and fills the jug with water. C places the jug back on the sink.,5025,499
output/frames/5025/img_003983.jpg,3939,4363,3983,C picks up a jug of water from the sink and pours it into a mixing bowl. C then turns on the water tap and fills the jug with water. C places the jug back on the sink.,5025,499
output/frames/5025/img_003985.jpg,3939,4363,3985,C picks up a jug of water from the sink and pours it into a mixing bowl. C then turns on the water tap and fills the jug with water. C places the jug back on the sink.,5025,499
output/frames/5025/img_003987.jpg,3939,4363,3987,C picks up a jug of water from the sink and pours it into a mixing bowl. C then turns on the water tap and fills the jug with water. C places the jug back on the sink.,5025,499
output/frames/5025/img_003989.jpg,3939,4363,3989,C picks up a jug of water from the sink and pours it into a mixing bowl. C then turns on the water tap and fills the jug with water. C places the jug back on the sink.,5025,499
output/frames/5025/img_003991.jpg,3939,4363,3991,C picks up a jug of water from the sink and pours it into a mixing bowl. C then turns on the water tap and fills the jug with water. C places the jug back on the sink.,5025,499
output/frames/5025/img_003993.jpg,3939,4363,3993,C picks up a jug of water from the sink and pours it into a mixing bowl. C then turns on the water tap and fills the jug with water. C places the jug back on the sink.,5025,499
output/frames/5025/img_003995.jpg,3939,4363,3995,C picks up a jug of water from the sink and pours it into a mixing bowl. C then turns on the water tap and fills the jug with water. C places the jug back on the sink.,5025,499
output/frames/5025/img_003997.jpg,3939,4363,3997,C picks up a jug of water from the sink and pours it into a mixing bowl. C then turns on the water tap and fills the jug with water. C places the jug back on the sink.,5025,499
output/frames/5025/img_003999.jpg,3939,4363,3999,C picks up a jug of water from the sink and pours it into a mixing bowl. C then turns on the water tap and fills the jug with water. C places the jug back on the sink.,5025,499
output/frames/5025/img_004001.jpg,3939,4363,4001,C picks up a jug of water from the sink and pours it into a mixing bowl. C then turns on the water tap and fills the jug with water. C places the jug back on the sink.,5025,499
output/frames/5025/img_004003.jpg,3939,4363,4003,C picks up a jug of water from the sink and pours it into a mixing bowl. C then turns on the water tap and fills the jug with water. C places the jug back on the sink.,5025,499
output/frames/5025/img_004005.jpg,3939,4363,4005,C picks up a jug of water from the sink and pours it into a mixing bowl. C then turns on the water tap and fills the jug with water. C places the jug back on the sink.,5025,499
output/frames/5025/img_004007.jpg,3939,4363,4007,C picks up a jug of water from the sink and pours it into a mixing bowl. C then turns on the water tap and fills the jug with water. C places the jug back on the sink.,5025,499
output/frames/5025/img_004009.jpg,3939,4363,4009,C picks up a jug of water from the sink and pours it into a mixing bowl. C then turns on the water tap and fills the jug with water. C places the jug back on the sink.,5025,499
output/frames/5025/img_004011.jpg,3939,4363,4011,C picks up a jug of water from the sink and pours it into a mixing bowl. C then turns on the water tap and fills the jug with water. C places the jug back on the sink.,5025,499
output/frames/5025/img_004013.jpg,3939,4363,4013,C picks up a jug of water from the sink and pours it into a mixing bowl. C then turns on the water tap and fills the jug with water. C places the jug back on the sink.,5025,499
output/frames/5025/img_004015.jpg,3939,4363,4015,C picks up a jug of water from the sink and pours it into a mixing bowl. C then turns on the water tap and fills the jug with water. C places the jug back on the sink.,5025,499
output/frames/5025/img_004017.jpg,3939,4363,4017,C picks up a jug of water from the sink and pours it into a mixing bowl. C then turns on the water tap and fills the jug with water. C places the jug back on the sink.,5025,499
output/frames/5025/img_004019.jpg,3939,4363,4019,C picks up a jug of water from the sink and pours it into a mixing bowl. C then turns on the water tap and fills the jug with water. C places the jug back on the sink.,5025,499
output/frames/5025/img_004021.jpg,3939,4363,4021,C picks up a jug of water from the sink and pours it into a mixing bowl. C then turns on the water tap and fills the jug with water. C places the jug back on the sink.,5025,499
output/frames/5025/img_004023.jpg,3939,4363,4023,C picks up a jug of water from the sink and pours it into a mixing bowl. C then turns on the water tap and fills the jug with water. C places the jug back on the sink.,5025,499
output/frames/5025/img_004025.jpg,3939,4363,4025,C picks up a jug of water from the sink and pours it into a mixing bowl. C then turns on the water tap and fills the jug with water. C places the jug back on the sink.,5025,499
output/frames/5025/img_004027.jpg,3939,4363,4027,C picks up a jug of water from the sink and pours it into a mixing bowl. C then turns on the water tap and fills the jug with water. C places the jug back on the sink.,5025,499
output/frames/5025/img_004029.jpg,3939,4363,4029,C picks up a jug of water from the sink and pours it into a mixing bowl. C then turns on the water tap and fills the jug with water. C places the jug back on the sink.,5025,499
output/frames/5025/img_004031.jpg,3939,4363,4031,C picks up a jug of water from the sink and pours it into a mixing bowl. C then turns on the water tap and fills the jug with water. C places the jug back on the sink.,5025,499
output/frames/5025/img_004033.jpg,3939,4363,4033,C picks up a jug of water from the sink and pours it into a mixing bowl. C then turns on the water tap and fills the jug with water. C places the jug back on the sink.,5025,499
output/frames/5025/img_004035.jpg,3939,4363,4035,C picks up a jug of water from the sink and pours it into a mixing bowl. C then turns on the water tap and fills the jug with water. C places the jug back on the sink.,5025,499
output/frames/5025/img_004037.jpg,3939,4363,4037,C picks up a jug of water from the sink and pours it into a mixing bowl. C then turns on the water tap and fills the jug with water. C places the jug back on the sink.,5025,499
output/frames/5025/img_004039.jpg,3939,4363,4039,C picks up a jug of water from the sink and pours it into a mixing bowl. C then turns on the water tap and fills the jug with water. C places the jug back on the sink.,5025,499
output/frames/5025/img_004041.jpg,3939,4363,4041,C picks up a jug of water from the sink and pours it into a mixing bowl. C then turns on the water tap and fills the jug with water. C places the jug back on the sink.,5025,499
output/frames/5025/img_004043.jpg,3939,4363,4043,C picks up a jug of water from the sink and pours it into a mixing bowl. C then turns on the water tap and fills the jug with water. C places the jug back on the sink.,5025,499
output/frames/5025/img_004045.jpg,3939,4363,4045,C picks up a jug of water from the sink and pours it into a mixing bowl. C then turns on the water tap and fills the jug with water. C places the jug back on the sink.,5025,499
output/frames/5025/img_004047.jpg,3939,4363,4047,C picks up a jug of water from the sink and pours it into a mixing bowl. C then turns on the water tap and fills the jug with water. C places the jug back on the sink.,5025,499
output/frames/5025/img_004049.jpg,3939,4363,4049,C picks up a jug of water from the sink and pours it into a mixing bowl. C then turns on the water tap and fills the jug with water. C places the jug back on the sink.,5025,499
output/frames/5025/img_004051.jpg,3939,4363,4051,C picks up a jug of water from the sink and pours it into a mixing bowl. C then turns on the water tap and fills the jug with water. C places the jug back on the sink.,5025,499
output/frames/5025/img_004053.jpg,3939,4363,4053,C picks up a jug of water from the sink and pours it into a mixing bowl. C then turns on the water tap and fills the jug with water. C places the jug back on the sink.,5025,499
output/frames/5025/img_004055.jpg,3939,4363,4055,C picks up a jug of water from the sink and pours it into a mixing bowl. C then turns on the water tap and fills the jug with water. C places the jug back on the sink.,5025,499
output/frames/5025/img_004057.jpg,3939,4363,4057,C picks up a jug of water from the sink and pours it into a mixing bowl. C then turns on the water tap and fills the jug with water. C places the jug back on the sink.,5025,499
output/frames/5025/img_004059.jpg,3939,4363,4059,C picks up a jug of water from the sink and pours it into a mixing bowl. C then turns on the water tap and fills the jug with water. C places the jug back on the sink.,5025,499
output/frames/5025/img_004061.jpg,3939,4363,4061,C picks up a jug of water from the sink and pours it into a mixing bowl. C then turns on the water tap and fills the jug with water. C places the jug back on the sink.,5025,499
output/frames/5025/img_004063.jpg,3939,4363,4063,C picks up a jug of water from the sink and pours it into a mixing bowl. C then turns on the water tap and fills the jug with water. C places the jug back on the sink.,5025,499
output/frames/5025/img_004065.jpg,3939,4363,4065,C picks up a jug of water from the sink and pours it into a mixing bowl. C then turns on the water tap and fills the jug with water. C places the jug back on the sink.,5025,499
output/frames/5025/img_004067.jpg,3939,4363,4067,C picks up a jug of water from the sink and pours it into a mixing bowl. C then turns on the water tap and fills the jug with water. C places the jug back on the sink.,5025,499
output/frames/5025/img_004069.jpg,3939,4363,4069,C picks up a jug of water from the sink and pours it into a mixing bowl. C then turns on the water tap and fills the jug with water. C places the jug back on the sink.,5025,499
output/frames/5025/img_004071.jpg,3939,4363,4071,C picks up a jug of water from the sink and pours it into a mixing bowl. C then turns on the water tap and fills the jug with water. C places the jug back on the sink.,5025,499
output/frames/5025/img_004073.jpg,3939,4363,4073,C picks up a jug of water from the sink and pours it into a mixing bowl. C then turns on the water tap and fills the jug with water. C places the jug back on the sink.,5025,499
output/frames/5025/img_004075.jpg,3939,4363,4075,C picks up a jug of water from the sink and pours it into a mixing bowl. C then turns on the water tap and fills the jug with water. C places the jug back on the sink.,5025,499
output/frames/5025/img_004077.jpg,3939,4363,4077,C picks up a jug of water from the sink and pours it into a mixing bowl. C then turns on the water tap and fills the jug with water. C places the jug back on the sink.,5025,499
output/frames/5025/img_004079.jpg,3939,4363,4079,C picks up a jug of water from the sink and pours it into a mixing bowl. C then turns on the water tap and fills the jug with water. C places the jug back on the sink.,5025,499
output/frames/5025/img_004081.jpg,3939,4363,4081,C picks up a jug of water from the sink and pours it into a mixing bowl. C then turns on the water tap and fills the jug with water. C places the jug back on the sink.,5025,499
output/frames/5025/img_004083.jpg,3939,4363,4083,C picks up a jug of water from the sink and pours it into a mixing bowl. C then turns on the water tap and fills the jug with water. C places the jug back on the sink.,5025,499
output/frames/5025/img_004085.jpg,3939,4363,4085,C picks up a jug of water from the sink and pours it into a mixing bowl. C then turns on the water tap and fills the jug with water. C places the jug back on the sink.,5025,499
output/frames/5025/img_004087.jpg,3939,4363,4087,C picks up a jug of water from the sink and pours it into a mixing bowl. C then turns on the water tap and fills the jug with water. C places the jug back on the sink.,5025,499
output/frames/5025/img_004089.jpg,3939,4363,4089,C picks up a jug of water from the sink and pours it into a mixing bowl. C then turns on the water tap and fills the jug with water. C places the jug back on the sink.,5025,499
output/frames/5025/img_004091.jpg,3939,4363,4091,C picks up a jug of water from the sink and pours it into a mixing bowl. C then turns on the water tap and fills the jug with water. C places the jug back on the sink.,5025,499
output/frames/5025/img_004093.jpg,3939,4363,4093,C picks up a jug of water from the sink and pours it into a mixing bowl. C then turns on the water tap and fills the jug with water. C places the jug back on the sink.,5025,499
output/frames/5025/img_004095.jpg,3939,4363,4095,C picks up a jug of water from the sink and pours it into a mixing bowl. C then turns on the water tap and fills the jug with water. C places the jug back on the sink.,5025,499
output/frames/5025/img_004097.jpg,3939,4363,4097,C picks up a jug of water from the sink and pours it into a mixing bowl. C then turns on the water tap and fills the jug with water. C places the jug back on the sink.,5025,499
output/frames/5025/img_004099.jpg,3939,4363,4099,C picks up a jug of water from the sink and pours it into a mixing bowl. C then turns on the water tap and fills the jug with water. C places the jug back on the sink.,5025,499
output/frames/5025/img_004101.jpg,3939,4363,4101,C picks up a jug of water from the sink and pours it into a mixing bowl. C then turns on the water tap and fills the jug with water. C places the jug back on the sink.,5025,499
output/frames/5025/img_004103.jpg,3939,4363,4103,C picks up a jug of water from the sink and pours it into a mixing bowl. C then turns on the water tap and fills the jug with water. C places the jug back on the sink.,5025,499
output/frames/5025/img_004105.jpg,3939,4363,4105,C picks up a jug of water from the sink and pours it into a mixing bowl. C then turns on the water tap and fills the jug with water. C places the jug back on the sink.,5025,499
output/frames/5025/img_004107.jpg,3939,4363,4107,C picks up a jug of water from the sink and pours it into a mixing bowl. C then turns on the water tap and fills the jug with water. C places the jug back on the sink.,5025,499
output/frames/5025/img_004109.jpg,3939,4363,4109,C picks up a jug of water from the sink and pours it into a mixing bowl. C then turns on the water tap and fills the jug with water. C places the jug back on the sink.,5025,499
output/frames/5025/img_004111.jpg,3939,4363,4111,C picks up a jug of water from the sink and pours it into a mixing bowl. C then turns on the water tap and fills the jug with water. C places the jug back on the sink.,5025,499
output/frames/5025/img_004113.jpg,3939,4363,4113,C picks up a jug of water from the sink and pours it into a mixing bowl. C then turns on the water tap and fills the jug with water. C places the jug back on the sink.,5025,499
output/frames/5025/img_004115.jpg,3939,4363,4115,C picks up a jug of water from the sink and pours it into a mixing bowl. C then turns on the water tap and fills the jug with water. C places the jug back on the sink.,5025,499
output/frames/5025/img_004117.jpg,3939,4363,4117,C picks up a jug of water from the sink and pours it into a mixing bowl. C then turns on the water tap and fills the jug with water. C places the jug back on the sink.,5025,499
output/frames/5025/img_004119.jpg,3939,4363,4119,C picks up a jug of water from the sink and pours it into a mixing bowl. C then turns on the water tap and fills the jug with water. C places the jug back on the sink.,5025,499
output/frames/5025/img_004121.jpg,3939,4363,4121,C picks up a jug of water from the sink and pours it into a mixing bowl. C then turns on the water tap and fills the jug with water. C places the jug back on the sink.,5025,499
output/frames/5025/img_004123.jpg,3939,4363,4123,C picks up a jug of water from the sink and pours it into a mixing bowl. C then turns on the water tap and fills the jug with water. C places the jug back on the sink.,5025,499
output/frames/5025/img_004125.jpg,3939,4363,4125,C picks up a jug of water from the sink and pours it into a mixing bowl. C then turns on the water tap and fills the jug with water. C places the jug back on the sink.,5025,499
output/frames/5025/img_004127.jpg,3939,4363,4127,C picks up a jug of water from the sink and pours it into a mixing bowl. C then turns on the water tap and fills the jug with water. C places the jug back on the sink.,5025,499
output/frames/5025/img_004129.jpg,3939,4363,4129,C picks up a jug of water from the sink and pours it into a mixing bowl. C then turns on the water tap and fills the jug with water. C places the jug back on the sink.,5025,499
output/frames/5025/img_004131.jpg,3939,4363,4131,C picks up a jug of water from the sink and pours it into a mixing bowl. C then turns on the water tap and fills the jug with water. C places the jug back on the sink.,5025,499
output/frames/5025/img_004133.jpg,3939,4363,4133,C picks up a jug of water from the sink and pours it into a mixing bowl. C then turns on the water tap and fills the jug with water. C places the jug back on the sink.,5025,499
output/frames/5025/img_004135.jpg,3939,4363,4135,C picks up a jug of water from the sink and pours it into a mixing bowl. C then turns on the water tap and fills the jug with water. C places the jug back on the sink.,5025,499
output/frames/5025/img_004137.jpg,3939,4363,4137,C picks up a jug of water from the sink and pours it into a mixing bowl. C then turns on the water tap and fills the jug with water. C places the jug back on the sink.,5025,499
output/frames/5025/img_004139.jpg,3939,4363,4139,C picks up a jug of water from the sink and pours it into a mixing bowl. C then turns on the water tap and fills the jug with water. C places the jug back on the sink.,5025,499
output/frames/5025/img_004141.jpg,3939,4363,4141,C picks up a jug of water from the sink and pours it into a mixing bowl. C then turns on the water tap and fills the jug with water. C places the jug back on the sink.,5025,499
output/frames/5025/img_004143.jpg,3939,4363,4143,C picks up a jug of water from the sink and pours it into a mixing bowl. C then turns on the water tap and fills the jug with water. C places the jug back on the sink.,5025,499
output/frames/5025/img_004145.jpg,3939,4363,4145,C picks up a jug of water from the sink and pours it into a mixing bowl. C then turns on the water tap and fills the jug with water. C places the jug back on the sink.,5025,499
output/frames/5025/img_004147.jpg,3939,4363,4147,C picks up a jug of water from the sink and pours it into a mixing bowl. C then turns on the water tap and fills the jug with water. C places the jug back on the sink.,5025,499
output/frames/5025/img_004149.jpg,3939,4363,4149,C picks up a jug of water from the sink and pours it into a mixing bowl. C then turns on the water tap and fills the jug with water. C places the jug back on the sink.,5025,499
output/frames/5025/img_004151.jpg,3939,4363,4151,C picks up a jug of water from the sink and pours it into a mixing bowl. C then turns on the water tap and fills the jug with water. C places the jug back on the sink.,5025,499
output/frames/5025/img_004153.jpg,3939,4363,4153,C picks up a jug of water from the sink and pours it into a mixing bowl. C then turns on the water tap and fills the jug with water. C places the jug back on the sink.,5025,499
output/frames/5025/img_004155.jpg,3939,4363,4155,C picks up a jug of water from the sink and pours it into a mixing bowl. C then turns on the water tap and fills the jug with water. C places the jug back on the sink.,5025,499
output/frames/5025/img_004157.jpg,3939,4363,4157,C picks up a jug of water from the sink and pours it into a mixing bowl. C then turns on the water tap and fills the jug with water. C places the jug back on the sink.,5025,499
output/frames/5025/img_004159.jpg,3939,4363,4159,C picks up a jug of water from the sink and pours it into a mixing bowl. C then turns on the water tap and fills the jug with water. C places the jug back on the sink.,5025,499
output/frames/5025/img_004161.jpg,3939,4363,4161,C picks up a jug of water from the sink and pours it into a mixing bowl. C then turns on the water tap and fills the jug with water. C places the jug back on the sink.,5025,499
output/frames/5025/img_004163.jpg,3939,4363,4163,C picks up a jug of water from the sink and pours it into a mixing bowl. C then turns on the water tap and fills the jug with water. C places the jug back on the sink.,5025,499
output/frames/5025/img_004165.jpg,3939,4363,4165,C picks up a jug of water from the sink and pours it into a mixing bowl. C then turns on the water tap and fills the jug with water. C places the jug back on the sink.,5025,499
output/frames/5025/img_004167.jpg,3939,4363,4167,C picks up a jug of water from the sink and pours it into a mixing bowl. C then turns on the water tap and fills the jug with water. C places the jug back on the sink.,5025,499
output/frames/5025/img_004169.jpg,3939,4363,4169,C picks up a jug of water from the sink and pours it into a mixing bowl. C then turns on the water tap and fills the jug with water. C places the jug back on the sink.,5025,499
output/frames/5025/img_004171.jpg,3939,4363,4171,C picks up a jug of water from the sink and pours it into a mixing bowl. C then turns on the water tap and fills the jug with water. C places the jug back on the sink.,5025,499
output/frames/5025/img_004173.jpg,3939,4363,4173,C picks up a jug of water from the sink and pours it into a mixing bowl. C then turns on the water tap and fills the jug with water. C places the jug back on the sink.,5025,499
output/frames/5025/img_004175.jpg,3939,4363,4175,C picks up a jug of water from the sink and pours it into a mixing bowl. C then turns on the water tap and fills the jug with water. C places the jug back on the sink.,5025,499
output/frames/5025/img_004177.jpg,3939,4363,4177,C picks up a jug of water from the sink and pours it into a mixing bowl. C then turns on the water tap and fills the jug with water. C places the jug back on the sink.,5025,499
output/frames/5025/img_004179.jpg,3939,4363,4179,C picks up a jug of water from the sink and pours it into a mixing bowl. C then turns on the water tap and fills the jug with water. C places the jug back on the sink.,5025,499
output/frames/5025/img_004181.jpg,3939,4363,4181,C picks up a jug of water from the sink and pours it into a mixing bowl. C then turns on the water tap and fills the jug with water. C places the jug back on the sink.,5025,499
output/frames/5025/img_004183.jpg,3939,4363,4183,C picks up a jug of water from the sink and pours it into a mixing bowl. C then turns on the water tap and fills the jug with water. C places the jug back on the sink.,5025,499
output/frames/5025/img_004185.jpg,3939,4363,4185,C picks up a jug of water from the sink and pours it into a mixing bowl. C then turns on the water tap and fills the jug with water. C places the jug back on the sink.,5025,499
output/frames/5025/img_004187.jpg,3939,4363,4187,C picks up a jug of water from the sink and pours it into a mixing bowl. C then turns on the water tap and fills the jug with water. C places the jug back on the sink.,5025,499
output/frames/5025/img_004189.jpg,3939,4363,4189,C picks up a jug of water from the sink and pours it into a mixing bowl. C then turns on the water tap and fills the jug with water. C places the jug back on the sink.,5025,499
output/frames/5025/img_004191.jpg,3939,4363,4191,C picks up a jug of water from the sink and pours it into a mixing bowl. C then turns on the water tap and fills the jug with water. C places the jug back on the sink.,5025,499
output/frames/5025/img_004193.jpg,3939,4363,4193,C picks up a jug of water from the sink and pours it into a mixing bowl. C then turns on the water tap and fills the jug with water. C places the jug back on the sink.,5025,499
output/frames/5025/img_004195.jpg,3939,4363,4195,C picks up a jug of water from the sink and pours it into a mixing bowl. C then turns on the water tap and fills the jug with water. C places the jug back on the sink.,5025,499
output/frames/5025/img_004197.jpg,3939,4363,4197,C picks up a jug of water from the sink and pours it into a mixing bowl. C then turns on the water tap and fills the jug with water. C places the jug back on the sink.,5025,499
output/frames/5025/img_004199.jpg,3939,4363,4199,C picks up a jug of water from the sink and pours it into a mixing bowl. C then turns on the water tap and fills the jug with water. C places the jug back on the sink.,5025,499
output/frames/5025/img_004201.jpg,3939,4363,4201,C picks up a jug of water from the sink and pours it into a mixing bowl. C then turns on the water tap and fills the jug with water. C places the jug back on the sink.,5025,499
output/frames/5025/img_004203.jpg,3939,4363,4203,C picks up a jug of water from the sink and pours it into a mixing bowl. C then turns on the water tap and fills the jug with water. C places the jug back on the sink.,5025,499
output/frames/5025/img_004205.jpg,3939,4363,4205,C picks up a jug of water from the sink and pours it into a mixing bowl. C then turns on the water tap and fills the jug with water. C places the jug back on the sink.,5025,499
output/frames/5025/img_004207.jpg,3939,4363,4207,C picks up a jug of water from the sink and pours it into a mixing bowl. C then turns on the water tap and fills the jug with water. C places the jug back on the sink.,5025,499
output/frames/5025/img_004209.jpg,3939,4363,4209,C picks up a jug of water from the sink and pours it into a mixing bowl. C then turns on the water tap and fills the jug with water. C places the jug back on the sink.,5025,499
output/frames/5025/img_004211.jpg,3939,4363,4211,C picks up a jug of water from the sink and pours it into a mixing bowl. C then turns on the water tap and fills the jug with water. C places the jug back on the sink.,5025,499
output/frames/5025/img_004213.jpg,3939,4363,4213,C picks up a jug of water from the sink and pours it into a mixing bowl. C then turns on the water tap and fills the jug with water. C places the jug back on the sink.,5025,499
output/frames/5025/img_004215.jpg,3939,4363,4215,C picks up a jug of water from the sink and pours it into a mixing bowl. C then turns on the water tap and fills the jug with water. C places the jug back on the sink.,5025,499
output/frames/5025/img_004217.jpg,3939,4363,4217,C picks up a jug of water from the sink and pours it into a mixing bowl. C then turns on the water tap and fills the jug with water. C places the jug back on the sink.,5025,499
output/frames/5025/img_004219.jpg,3939,4363,4219,C picks up a jug of water from the sink and pours it into a mixing bowl. C then turns on the water tap and fills the jug with water. C places the jug back on the sink.,5025,499
output/frames/5025/img_004221.jpg,3939,4363,4221,C picks up a jug of water from the sink and pours it into a mixing bowl. C then turns on the water tap and fills the jug with water. C places the jug back on the sink.,5025,499
output/frames/5025/img_004223.jpg,3939,4363,4223,C picks up a jug of water from the sink and pours it into a mixing bowl. C then turns on the water tap and fills the jug with water. C places the jug back on the sink.,5025,499
output/frames/5025/img_004225.jpg,3939,4363,4225,C picks up a jug of water from the sink and pours it into a mixing bowl. C then turns on the water tap and fills the jug with water. C places the jug back on the sink.,5025,499
output/frames/5025/img_004227.jpg,3939,4363,4227,C picks up a jug of water from the sink and pours it into a mixing bowl. C then turns on the water tap and fills the jug with water. C places the jug back on the sink.,5025,499
output/frames/5025/img_004229.jpg,3939,4363,4229,C picks up a jug of water from the sink and pours it into a mixing bowl. C then turns on the water tap and fills the jug with water. C places the jug back on the sink.,5025,499
output/frames/5025/img_004231.jpg,3939,4363,4231,C picks up a jug of water from the sink and pours it into a mixing bowl. C then turns on the water tap and fills the jug with water. C places the jug back on the sink.,5025,499
output/frames/5025/img_004233.jpg,3939,4363,4233,C picks up a jug of water from the sink and pours it into a mixing bowl. C then turns on the water tap and fills the jug with water. C places the jug back on the sink.,5025,499
output/frames/5025/img_004235.jpg,3939,4363,4235,C picks up a jug of water from the sink and pours it into a mixing bowl. C then turns on the water tap and fills the jug with water. C places the jug back on the sink.,5025,499
output/frames/5025/img_004237.jpg,3939,4363,4237,C picks up a jug of water from the sink and pours it into a mixing bowl. C then turns on the water tap and fills the jug with water. C places the jug back on the sink.,5025,499
output/frames/5025/img_004239.jpg,3939,4363,4239,C picks up a jug of water from the sink and pours it into a mixing bowl. C then turns on the water tap and fills the jug with water. C places the jug back on the sink.,5025,499
output/frames/5025/img_004241.jpg,3939,4363,4241,C picks up a jug of water from the sink and pours it into a mixing bowl. C then turns on the water tap and fills the jug with water. C places the jug back on the sink.,5025,499
output/frames/5025/img_004243.jpg,3939,4363,4243,C picks up a jug of water from the sink and pours it into a mixing bowl. C then turns on the water tap and fills the jug with water. C places the jug back on the sink.,5025,499
output/frames/5025/img_004245.jpg,3939,4363,4245,C picks up a jug of water from the sink and pours it into a mixing bowl. C then turns on the water tap and fills the jug with water. C places the jug back on the sink.,5025,499
output/frames/5025/img_004247.jpg,3939,4363,4247,C picks up a jug of water from the sink and pours it into a mixing bowl. C then turns on the water tap and fills the jug with water. C places the jug back on the sink.,5025,499
output/frames/5025/img_004249.jpg,3939,4363,4249,C picks up a jug of water from the sink and pours it into a mixing bowl. C then turns on the water tap and fills the jug with water. C places the jug back on the sink.,5025,499
output/frames/5025/img_004251.jpg,3939,4363,4251,C picks up a jug of water from the sink and pours it into a mixing bowl. C then turns on the water tap and fills the jug with water. C places the jug back on the sink.,5025,499
output/frames/5025/img_004253.jpg,3939,4363,4253,C picks up a jug of water from the sink and pours it into a mixing bowl. C then turns on the water tap and fills the jug with water. C places the jug back on the sink.,5025,499
output/frames/5025/img_004255.jpg,3939,4363,4255,C picks up a jug of water from the sink and pours it into a mixing bowl. C then turns on the water tap and fills the jug with water. C places the jug back on the sink.,5025,499
output/frames/5025/img_004257.jpg,3939,4363,4257,C picks up a jug of water from the sink and pours it into a mixing bowl. C then turns on the water tap and fills the jug with water. C places the jug back on the sink.,5025,499
output/frames/5025/img_004259.jpg,3939,4363,4259,C picks up a jug of water from the sink and pours it into a mixing bowl. C then turns on the water tap and fills the jug with water. C places the jug back on the sink.,5025,499
output/frames/5025/img_004261.jpg,3939,4363,4261,C picks up a jug of water from the sink and pours it into a mixing bowl. C then turns on the water tap and fills the jug with water. C places the jug back on the sink.,5025,499
output/frames/5025/img_004263.jpg,3939,4363,4263,C picks up a jug of water from the sink and pours it into a mixing bowl. C then turns on the water tap and fills the jug with water. C places the jug back on the sink.,5025,499
output/frames/5025/img_004265.jpg,3939,4363,4265,C picks up a jug of water from the sink and pours it into a mixing bowl. C then turns on the water tap and fills the jug with water. C places the jug back on the sink.,5025,499
output/frames/5025/img_004267.jpg,3939,4363,4267,C picks up a jug of water from the sink and pours it into a mixing bowl. C then turns on the water tap and fills the jug with water. C places the jug back on the sink.,5025,499
output/frames/5025/img_004269.jpg,3939,4363,4269,C picks up a jug of water from the sink and pours it into a mixing bowl. C then turns on the water tap and fills the jug with water. C places the jug back on the sink.,5025,499
output/frames/5025/img_004271.jpg,3939,4363,4271,C picks up a jug of water from the sink and pours it into a mixing bowl. C then turns on the water tap and fills the jug with water. C places the jug back on the sink.,5025,499
output/frames/5025/img_004273.jpg,3939,4363,4273,C picks up a jug of water from the sink and pours it into a mixing bowl. C then turns on the water tap and fills the jug with water. C places the jug back on the sink.,5025,499
output/frames/5025/img_004275.jpg,3939,4363,4275,C picks up a jug of water from the sink and pours it into a mixing bowl. C then turns on the water tap and fills the jug with water. C places the jug back on the sink.,5025,499
output/frames/5025/img_004277.jpg,3939,4363,4277,C picks up a jug of water from the sink and pours it into a mixing bowl. C then turns on the water tap and fills the jug with water. C places the jug back on the sink.,5025,499
output/frames/5025/img_004279.jpg,3939,4363,4279,C picks up a jug of water from the sink and pours it into a mixing bowl. C then turns on the water tap and fills the jug with water. C places the jug back on the sink.,5025,499
output/frames/5025/img_004281.jpg,3939,4363,4281,C picks up a jug of water from the sink and pours it into a mixing bowl. C then turns on the water tap and fills the jug with water. C places the jug back on the sink.,5025,499
output/frames/5025/img_004283.jpg,3939,4363,4283,C picks up a jug of water from the sink and pours it into a mixing bowl. C then turns on the water tap and fills the jug with water. C places the jug back on the sink.,5025,499
output/frames/5025/img_004285.jpg,3939,4363,4285,C picks up a jug of water from the sink and pours it into a mixing bowl. C then turns on the water tap and fills the jug with water. C places the jug back on the sink.,5025,499
output/frames/5025/img_004287.jpg,3939,4363,4287,C picks up a jug of water from the sink and pours it into a mixing bowl. C then turns on the water tap and fills the jug with water. C places the jug back on the sink.,5025,499
output/frames/5025/img_004289.jpg,3939,4363,4289,C picks up a jug of water from the sink and pours it into a mixing bowl. C then turns on the water tap and fills the jug with water. C places the jug back on the sink.,5025,499
output/frames/5025/img_004291.jpg,3939,4363,4291,C picks up a jug of water from the sink and pours it into a mixing bowl. C then turns on the water tap and fills the jug with water. C places the jug back on the sink.,5025,499
output/frames/5025/img_004293.jpg,3939,4363,4293,C picks up a jug of water from the sink and pours it into a mixing bowl. C then turns on the water tap and fills the jug with water. C places the jug back on the sink.,5025,499
output/frames/5025/img_004295.jpg,3939,4363,4295,C picks up a jug of water from the sink and pours it into a mixing bowl. C then turns on the water tap and fills the jug with water. C places the jug back on the sink.,5025,499
output/frames/5025/img_004297.jpg,3939,4363,4297,C picks up a jug of water from the sink and pours it into a mixing bowl. C then turns on the water tap and fills the jug with water. C places the jug back on the sink.,5025,499
output/frames/5025/img_004299.jpg,3939,4363,4299,C picks up a jug of water from the sink and pours it into a mixing bowl. C then turns on the water tap and fills the jug with water. C places the jug back on the sink.,5025,499
output/frames/5025/img_004301.jpg,3939,4363,4301,C picks up a jug of water from the sink and pours it into a mixing bowl. C then turns on the water tap and fills the jug with water. C places the jug back on the sink.,5025,499
output/frames/5025/img_004303.jpg,3939,4363,4303,C picks up a jug of water from the sink and pours it into a mixing bowl. C then turns on the water tap and fills the jug with water. C places the jug back on the sink.,5025,499
output/frames/5025/img_004305.jpg,3939,4363,4305,C picks up a jug of water from the sink and pours it into a mixing bowl. C then turns on the water tap and fills the jug with water. C places the jug back on the sink.,5025,499
output/frames/5025/img_004307.jpg,3939,4363,4307,C picks up a jug of water from the sink and pours it into a mixing bowl. C then turns on the water tap and fills the jug with water. C places the jug back on the sink.,5025,499
output/frames/5025/img_004309.jpg,3939,4363,4309,C picks up a jug of water from the sink and pours it into a mixing bowl. C then turns on the water tap and fills the jug with water. C places the jug back on the sink.,5025,499
output/frames/5025/img_004311.jpg,3939,4363,4311,C picks up a jug of water from the sink and pours it into a mixing bowl. C then turns on the water tap and fills the jug with water. C places the jug back on the sink.,5025,499
output/frames/5025/img_004313.jpg,3939,4363,4313,C picks up a jug of water from the sink and pours it into a mixing bowl. C then turns on the water tap and fills the jug with water. C places the jug back on the sink.,5025,499
output/frames/5025/img_004315.jpg,3939,4363,4315,C picks up a jug of water from the sink and pours it into a mixing bowl. C then turns on the water tap and fills the jug with water. C places the jug back on the sink.,5025,499
output/frames/5025/img_004317.jpg,3939,4363,4317,C picks up a jug of water from the sink and pours it into a mixing bowl. C then turns on the water tap and fills the jug with water. C places the jug back on the sink.,5025,499
output/frames/5025/img_004319.jpg,3939,4363,4319,C picks up a jug of water from the sink and pours it into a mixing bowl. C then turns on the water tap and fills the jug with water. C places the jug back on the sink.,5025,499
output/frames/5025/img_004321.jpg,3939,4363,4321,C picks up a jug of water from the sink and pours it into a mixing bowl. C then turns on the water tap and fills the jug with water. C places the jug back on the sink.,5025,499
output/frames/5025/img_004323.jpg,3939,4363,4323,C picks up a jug of water from the sink and pours it into a mixing bowl. C then turns on the water tap and fills the jug with water. C places the jug back on the sink.,5025,499
output/frames/5025/img_004325.jpg,3939,4363,4325,C picks up a jug of water from the sink and pours it into a mixing bowl. C then turns on the water tap and fills the jug with water. C places the jug back on the sink.,5025,499
output/frames/5025/img_004327.jpg,3939,4363,4327,C picks up a jug of water from the sink and pours it into a mixing bowl. C then turns on the water tap and fills the jug with water. C places the jug back on the sink.,5025,499
output/frames/5025/img_004329.jpg,3939,4363,4329,C picks up a jug of water from the sink and pours it into a mixing bowl. C then turns on the water tap and fills the jug with water. C places the jug back on the sink.,5025,499
output/frames/5025/img_004331.jpg,3939,4363,4331,C picks up a jug of water from the sink and pours it into a mixing bowl. C then turns on the water tap and fills the jug with water. C places the jug back on the sink.,5025,499
output/frames/5025/img_004333.jpg,3939,4363,4333,C picks up a jug of water from the sink and pours it into a mixing bowl. C then turns on the water tap and fills the jug with water. C places the jug back on the sink.,5025,499
output/frames/5025/img_004335.jpg,3939,4363,4335,C picks up a jug of water from the sink and pours it into a mixing bowl. C then turns on the water tap and fills the jug with water. C places the jug back on the sink.,5025,499
output/frames/5025/img_004337.jpg,3939,4363,4337,C picks up a jug of water from the sink and pours it into a mixing bowl. C then turns on the water tap and fills the jug with water. C places the jug back on the sink.,5025,499
output/frames/5025/img_004339.jpg,3939,4363,4339,C picks up a jug of water from the sink and pours it into a mixing bowl. C then turns on the water tap and fills the jug with water. C places the jug back on the sink.,5025,499
output/frames/5025/img_004341.jpg,3939,4363,4341,C picks up a jug of water from the sink and pours it into a mixing bowl. C then turns on the water tap and fills the jug with water. C places the jug back on the sink.,5025,499
output/frames/5025/img_004343.jpg,3939,4363,4343,C picks up a jug of water from the sink and pours it into a mixing bowl. C then turns on the water tap and fills the jug with water. C places the jug back on the sink.,5025,499
output/frames/5025/img_004345.jpg,3939,4363,4345,C picks up a jug of water from the sink and pours it into a mixing bowl. C then turns on the water tap and fills the jug with water. C places the jug back on the sink.,5025,499
output/frames/5025/img_004347.jpg,3939,4363,4347,C picks up a jug of water from the sink and pours it into a mixing bowl. C then turns on the water tap and fills the jug with water. C places the jug back on the sink.,5025,499
output/frames/5025/img_004349.jpg,3939,4363,4349,C picks up a jug of water from the sink and pours it into a mixing bowl. C then turns on the water tap and fills the jug with water. C places the jug back on the sink.,5025,499
output/frames/5025/img_004351.jpg,3939,4363,4351,C picks up a jug of water from the sink and pours it into a mixing bowl. C then turns on the water tap and fills the jug with water. C places the jug back on the sink.,5025,499
output/frames/5025/img_004353.jpg,3939,4363,4353,C picks up a jug of water from the sink and pours it into a mixing bowl. C then turns on the water tap and fills the jug with water. C places the jug back on the sink.,5025,499
output/frames/5025/img_004355.jpg,3939,4363,4355,C picks up a jug of water from the sink and pours it into a mixing bowl. C then turns on the water tap and fills the jug with water. C places the jug back on the sink.,5025,499
output/frames/5025/img_004357.jpg,3939,4363,4357,C picks up a jug of water from the sink and pours it into a mixing bowl. C then turns on the water tap and fills the jug with water. C places the jug back on the sink.,5025,499
output/frames/5025/img_004359.jpg,3939,4363,4359,C picks up a jug of water from the sink and pours it into a mixing bowl. C then turns on the water tap and fills the jug with water. C places the jug back on the sink.,5025,499
output/frames/5025/img_004361.jpg,3939,4363,4361,C picks up a jug of water from the sink and pours it into a mixing bowl. C then turns on the water tap and fills the jug with water. C places the jug back on the sink.,5025,499
output/frames/5025/img_004363.jpg,3939,4363,4363,C picks up a jug of water from the sink and pours it into a mixing bowl. C then turns on the water tap and fills the jug with water. C places the jug back on the sink.,5025,499
output/frames/5025/img_004597.jpg,4597,4825,4597,"C arranges the dough on the baking tray, carefully placing each piece in a neat row. They then move the tray to the oven, ensuring the dough is properly positioned. C closes the oven door, ready to let the dough rise.",5025,499
output/frames/5025/img_004600.jpg,4597,4825,4600,"C arranges the dough on the baking tray, carefully placing each piece in a neat row. They then move the tray to the oven, ensuring the dough is properly positioned. C closes the oven door, ready to let the dough rise.",5025,499
output/frames/5025/img_004603.jpg,4597,4825,4603,"C arranges the dough on the baking tray, carefully placing each piece in a neat row. They then move the tray to the oven, ensuring the dough is properly positioned. C closes the oven door, ready to let the dough rise.",5025,499
output/frames/5025/img_004606.jpg,4597,4825,4606,"C arranges the dough on the baking tray, carefully placing each piece in a neat row. They then move the tray to the oven, ensuring the dough is properly positioned. C closes the oven door, ready to let the dough rise.",5025,499
output/frames/5025/img_004609.jpg,4597,4825,4609,"C arranges the dough on the baking tray, carefully placing each piece in a neat row. They then move the tray to the oven, ensuring the dough is properly positioned. C closes the oven door, ready to let the dough rise.",5025,499
output/frames/5025/img_004612.jpg,4597,4825,4612,"C arranges the dough on the baking tray, carefully placing each piece in a neat row. They then move the tray to the oven, ensuring the dough is properly positioned. C closes the oven door, ready to let the dough rise.",5025,499
output/frames/5025/img_004615.jpg,4597,4825,4615,"C arranges the dough on the baking tray, carefully placing each piece in a neat row. They then move the tray to the oven, ensuring the dough is properly positioned. C closes the oven door, ready to let the dough rise.",5025,499
output/frames/5025/img_004618.jpg,4597,4825,4618,"C arranges the dough on the baking tray, carefully placing each piece in a neat row. They then move the tray to the oven, ensuring the dough is properly positioned. C closes the oven door, ready to let the dough rise.",5025,499
output/frames/5025/img_004621.jpg,4597,4825,4621,"C arranges the dough on the baking tray, carefully placing each piece in a neat row. They then move the tray to the oven, ensuring the dough is properly positioned. C closes the oven door, ready to let the dough rise.",5025,499
output/frames/5025/img_004624.jpg,4597,4825,4624,"C arranges the dough on the baking tray, carefully placing each piece in a neat row. They then move the tray to the oven, ensuring the dough is properly positioned. C closes the oven door, ready to let the dough rise.",5025,499
output/frames/5025/img_004627.jpg,4597,4825,4627,"C arranges the dough on the baking tray, carefully placing each piece in a neat row. They then move the tray to the oven, ensuring the dough is properly positioned. C closes the oven door, ready to let the dough rise.",5025,499
output/frames/5025/img_004630.jpg,4597,4825,4630,"C arranges the dough on the baking tray, carefully placing each piece in a neat row. They then move the tray to the oven, ensuring the dough is properly positioned. C closes the oven door, ready to let the dough rise.",5025,499
output/frames/5025/img_004633.jpg,4597,4825,4633,"C arranges the dough on the baking tray, carefully placing each piece in a neat row. They then move the tray to the oven, ensuring the dough is properly positioned. C closes the oven door, ready to let the dough rise.",5025,499
output/frames/5025/img_004636.jpg,4597,4825,4636,"C arranges the dough on the baking tray, carefully placing each piece in a neat row. They then move the tray to the oven, ensuring the dough is properly positioned. C closes the oven door, ready to let the dough rise.",5025,499
output/frames/5025/img_004639.jpg,4597,4825,4639,"C arranges the dough on the baking tray, carefully placing each piece in a neat row. They then move the tray to the oven, ensuring the dough is properly positioned. C closes the oven door, ready to let the dough rise.",5025,499
output/frames/5025/img_004642.jpg,4597,4825,4642,"C arranges the dough on the baking tray, carefully placing each piece in a neat row. They then move the tray to the oven, ensuring the dough is properly positioned. C closes the oven door, ready to let the dough rise.",5025,499
output/frames/5025/img_004645.jpg,4597,4825,4645,"C arranges the dough on the baking tray, carefully placing each piece in a neat row. They then move the tray to the oven, ensuring the dough is properly positioned. C closes the oven door, ready to let the dough rise.",5025,499
output/frames/5025/img_004648.jpg,4597,4825,4648,"C arranges the dough on the baking tray, carefully placing each piece in a neat row. They then move the tray to the oven, ensuring the dough is properly positioned. C closes the oven door, ready to let the dough rise.",5025,499
output/frames/5025/img_004651.jpg,4597,4825,4651,"C arranges the dough on the baking tray, carefully placing each piece in a neat row. They then move the tray to the oven, ensuring the dough is properly positioned. C closes the oven door, ready to let the dough rise.",5025,499
output/frames/5025/img_004654.jpg,4597,4825,4654,"C arranges the dough on the baking tray, carefully placing each piece in a neat row. They then move the tray to the oven, ensuring the dough is properly positioned. C closes the oven door, ready to let the dough rise.",5025,499
output/frames/5025/img_004657.jpg,4597,4825,4657,"C arranges the dough on the baking tray, carefully placing each piece in a neat row. They then move the tray to the oven, ensuring the dough is properly positioned. C closes the oven door, ready to let the dough rise.",5025,499
output/frames/5025/img_004660.jpg,4597,4825,4660,"C arranges the dough on the baking tray, carefully placing each piece in a neat row. They then move the tray to the oven, ensuring the dough is properly positioned. C closes the oven door, ready to let the dough rise.",5025,499
output/frames/5025/img_004663.jpg,4597,4825,4663,"C arranges the dough on the baking tray, carefully placing each piece in a neat row. They then move the tray to the oven, ensuring the dough is properly positioned. C closes the oven door, ready to let the dough rise.",5025,499
output/frames/5025/img_004666.jpg,4597,4825,4666,"C arranges the dough on the baking tray, carefully placing each piece in a neat row. They then move the tray to the oven, ensuring the dough is properly positioned. C closes the oven door, ready to let the dough rise.",5025,499
output/frames/5025/img_004669.jpg,4597,4825,4669,"C arranges the dough on the baking tray, carefully placing each piece in a neat row. They then move the tray to the oven, ensuring the dough is properly positioned. C closes the oven door, ready to let the dough rise.",5025,499
output/frames/5025/img_004672.jpg,4597,4825,4672,"C arranges the dough on the baking tray, carefully placing each piece in a neat row. They then move the tray to the oven, ensuring the dough is properly positioned. C closes the oven door, ready to let the dough rise.",5025,499
output/frames/5025/img_004675.jpg,4597,4825,4675,"C arranges the dough on the baking tray, carefully placing each piece in a neat row. They then move the tray to the oven, ensuring the dough is properly positioned. C closes the oven door, ready to let the dough rise.",5025,499
output/frames/5025/img_004678.jpg,4597,4825,4678,"C arranges the dough on the baking tray, carefully placing each piece in a neat row. They then move the tray to the oven, ensuring the dough is properly positioned. C closes the oven door, ready to let the dough rise.",5025,499
output/frames/5025/img_004681.jpg,4597,4825,4681,"C arranges the dough on the baking tray, carefully placing each piece in a neat row. They then move the tray to the oven, ensuring the dough is properly positioned. C closes the oven door, ready to let the dough rise.",5025,499
output/frames/5025/img_004684.jpg,4597,4825,4684,"C arranges the dough on the baking tray, carefully placing each piece in a neat row. They then move the tray to the oven, ensuring the dough is properly positioned. C closes the oven door, ready to let the dough rise.",5025,499
output/frames/5025/img_004687.jpg,4597,4825,4687,"C arranges the dough on the baking tray, carefully placing each piece in a neat row. They then move the tray to the oven, ensuring the dough is properly positioned. C closes the oven door, ready to let the dough rise.",5025,499
output/frames/5025/img_004690.jpg,4597,4825,4690,"C arranges the dough on the baking tray, carefully placing each piece in a neat row. They then move the tray to the oven, ensuring the dough is properly positioned. C closes the oven door, ready to let the dough rise.",5025,499
output/frames/5025/img_004693.jpg,4597,4825,4693,"C arranges the dough on the baking tray, carefully placing each piece in a neat row. They then move the tray to the oven, ensuring the dough is properly positioned. C closes the oven door, ready to let the dough rise.",5025,499
output/frames/5025/img_004696.jpg,4597,4825,4696,"C arranges the dough on the baking tray, carefully placing each piece in a neat row. They then move the tray to the oven, ensuring the dough is properly positioned. C closes the oven door, ready to let the dough rise.",5025,499
output/frames/5025/img_004699.jpg,4597,4825,4699,"C arranges the dough on the baking tray, carefully placing each piece in a neat row. They then move the tray to the oven, ensuring the dough is properly positioned. C closes the oven door, ready to let the dough rise.",5025,499
output/frames/5025/img_004702.jpg,4597,4825,4702,"C arranges the dough on the baking tray, carefully placing each piece in a neat row. They then move the tray to the oven, ensuring the dough is properly positioned. C closes the oven door, ready to let the dough rise.",5025,499
output/frames/5025/img_004705.jpg,4597,4825,4705,"C arranges the dough on the baking tray, carefully placing each piece in a neat row. They then move the tray to the oven, ensuring the dough is properly positioned. C closes the oven door, ready to let the dough rise.",5025,499
output/frames/5025/img_004708.jpg,4597,4825,4708,"C arranges the dough on the baking tray, carefully placing each piece in a neat row. They then move the tray to the oven, ensuring the dough is properly positioned. C closes the oven door, ready to let the dough rise.",5025,499
output/frames/5025/img_004711.jpg,4597,4825,4711,"C arranges the dough on the baking tray, carefully placing each piece in a neat row. They then move the tray to the oven, ensuring the dough is properly positioned. C closes the oven door, ready to let the dough rise.",5025,499
output/frames/5025/img_004714.jpg,4597,4825,4714,"C arranges the dough on the baking tray, carefully placing each piece in a neat row. They then move the tray to the oven, ensuring the dough is properly positioned. C closes the oven door, ready to let the dough rise.",5025,499
output/frames/5025/img_004717.jpg,4597,4825,4717,"C arranges the dough on the baking tray, carefully placing each piece in a neat row. They then move the tray to the oven, ensuring the dough is properly positioned. C closes the oven door, ready to let the dough rise.",5025,499
output/frames/5025/img_004720.jpg,4597,4825,4720,"C arranges the dough on the baking tray, carefully placing each piece in a neat row. They then move the tray to the oven, ensuring the dough is properly positioned. C closes the oven door, ready to let the dough rise.",5025,499
output/frames/5025/img_004723.jpg,4597,4825,4723,"C arranges the dough on the baking tray, carefully placing each piece in a neat row. They then move the tray to the oven, ensuring the dough is properly positioned. C closes the oven door, ready to let the dough rise.",5025,499
output/frames/5025/img_004726.jpg,4597,4825,4726,"C arranges the dough on the baking tray, carefully placing each piece in a neat row. They then move the tray to the oven, ensuring the dough is properly positioned. C closes the oven door, ready to let the dough rise.",5025,499
output/frames/5025/img_004729.jpg,4597,4825,4729,"C arranges the dough on the baking tray, carefully placing each piece in a neat row. They then move the tray to the oven, ensuring the dough is properly positioned. C closes the oven door, ready to let the dough rise.",5025,499
output/frames/5025/img_004732.jpg,4597,4825,4732,"C arranges the dough on the baking tray, carefully placing each piece in a neat row. They then move the tray to the oven, ensuring the dough is properly positioned. C closes the oven door, ready to let the dough rise.",5025,499
output/frames/5025/img_004735.jpg,4597,4825,4735,"C arranges the dough on the baking tray, carefully placing each piece in a neat row. They then move the tray to the oven, ensuring the dough is properly positioned. C closes the oven door, ready to let the dough rise.",5025,499
output/frames/5025/img_004738.jpg,4597,4825,4738,"C arranges the dough on the baking tray, carefully placing each piece in a neat row. They then move the tray to the oven, ensuring the dough is properly positioned. C closes the oven door, ready to let the dough rise.",5025,499
output/frames/5025/img_004741.jpg,4597,4825,4741,"C arranges the dough on the baking tray, carefully placing each piece in a neat row. They then move the tray to the oven, ensuring the dough is properly positioned. C closes the oven door, ready to let the dough rise.",5025,499
output/frames/5025/img_004744.jpg,4597,4825,4744,"C arranges the dough on the baking tray, carefully placing each piece in a neat row. They then move the tray to the oven, ensuring the dough is properly positioned. C closes the oven door, ready to let the dough rise.",5025,499
output/frames/5025/img_004747.jpg,4597,4825,4747,"C arranges the dough on the baking tray, carefully placing each piece in a neat row. They then move the tray to the oven, ensuring the dough is properly positioned. C closes the oven door, ready to let the dough rise.",5025,499
output/frames/5025/img_004750.jpg,4597,4825,4750,"C arranges the dough on the baking tray, carefully placing each piece in a neat row. They then move the tray to the oven, ensuring the dough is properly positioned. C closes the oven door, ready to let the dough rise.",5025,499
output/frames/5025/img_004753.jpg,4597,4825,4753,"C arranges the dough on the baking tray, carefully placing each piece in a neat row. They then move the tray to the oven, ensuring the dough is properly positioned. C closes the oven door, ready to let the dough rise.",5025,499
output/frames/5025/img_004756.jpg,4597,4825,4756,"C arranges the dough on the baking tray, carefully placing each piece in a neat row. They then move the tray to the oven, ensuring the dough is properly positioned. C closes the oven door, ready to let the dough rise.",5025,499
output/frames/5025/img_004759.jpg,4597,4825,4759,"C arranges the dough on the baking tray, carefully placing each piece in a neat row. They then move the tray to the oven, ensuring the dough is properly positioned. C closes the oven door, ready to let the dough rise.",5025,499
output/frames/5025/img_004762.jpg,4597,4825,4762,"C arranges the dough on the baking tray, carefully placing each piece in a neat row. They then move the tray to the oven, ensuring the dough is properly positioned. C closes the oven door, ready to let the dough rise.",5025,499
output/frames/5025/img_004765.jpg,4597,4825,4765,"C arranges the dough on the baking tray, carefully placing each piece in a neat row. They then move the tray to the oven, ensuring the dough is properly positioned. C closes the oven door, ready to let the dough rise.",5025,499
output/frames/5025/img_004768.jpg,4597,4825,4768,"C arranges the dough on the baking tray, carefully placing each piece in a neat row. They then move the tray to the oven, ensuring the dough is properly positioned. C closes the oven door, ready to let the dough rise.",5025,499
output/frames/5025/img_004771.jpg,4597,4825,4771,"C arranges the dough on the baking tray, carefully placing each piece in a neat row. They then move the tray to the oven, ensuring the dough is properly positioned. C closes the oven door, ready to let the dough rise.",5025,499
output/frames/5025/img_004774.jpg,4597,4825,4774,"C arranges the dough on the baking tray, carefully placing each piece in a neat row. They then move the tray to the oven, ensuring the dough is properly positioned. C closes the oven door, ready to let the dough rise.",5025,499
output/frames/5025/img_004777.jpg,4597,4825,4777,"C arranges the dough on the baking tray, carefully placing each piece in a neat row. They then move the tray to the oven, ensuring the dough is properly positioned. C closes the oven door, ready to let the dough rise.",5025,499
output/frames/5025/img_004780.jpg,4597,4825,4780,"C arranges the dough on the baking tray, carefully placing each piece in a neat row. They then move the tray to the oven, ensuring the dough is properly positioned. C closes the oven door, ready to let the dough rise.",5025,499
output/frames/5025/img_004783.jpg,4597,4825,4783,"C arranges the dough on the baking tray, carefully placing each piece in a neat row. They then move the tray to the oven, ensuring the dough is properly positioned. C closes the oven door, ready to let the dough rise.",5025,499
output/frames/5025/img_004786.jpg,4597,4825,4786,"C arranges the dough on the baking tray, carefully placing each piece in a neat row. They then move the tray to the oven, ensuring the dough is properly positioned. C closes the oven door, ready to let the dough rise.",5025,499
output/frames/5025/img_004789.jpg,4597,4825,4789,"C arranges the dough on the baking tray, carefully placing each piece in a neat row. They then move the tray to the oven, ensuring the dough is properly positioned. C closes the oven door, ready to let the dough rise.",5025,499
output/frames/5025/img_004792.jpg,4597,4825,4792,"C arranges the dough on the baking tray, carefully placing each piece in a neat row. They then move the tray to the oven, ensuring the dough is properly positioned. C closes the oven door, ready to let the dough rise.",5025,499
output/frames/5025/img_004795.jpg,4597,4825,4795,"C arranges the dough on the baking tray, carefully placing each piece in a neat row. They then move the tray to the oven, ensuring the dough is properly positioned. C closes the oven door, ready to let the dough rise.",5025,499
output/frames/5025/img_004798.jpg,4597,4825,4798,"C arranges the dough on the baking tray, carefully placing each piece in a neat row. They then move the tray to the oven, ensuring the dough is properly positioned. C closes the oven door, ready to let the dough rise.",5025,499
output/frames/5025/img_004801.jpg,4597,4825,4801,"C arranges the dough on the baking tray, carefully placing each piece in a neat row. They then move the tray to the oven, ensuring the dough is properly positioned. C closes the oven door, ready to let the dough rise.",5025,499
output/frames/5025/img_004804.jpg,4597,4825,4804,"C arranges the dough on the baking tray, carefully placing each piece in a neat row. They then move the tray to the oven, ensuring the dough is properly positioned. C closes the oven door, ready to let the dough rise.",5025,499
output/frames/5025/img_004807.jpg,4597,4825,4807,"C arranges the dough on the baking tray, carefully placing each piece in a neat row. They then move the tray to the oven, ensuring the dough is properly positioned. C closes the oven door, ready to let the dough rise.",5025,499
output/frames/5025/img_004810.jpg,4597,4825,4810,"C arranges the dough on the baking tray, carefully placing each piece in a neat row. They then move the tray to the oven, ensuring the dough is properly positioned. C closes the oven door, ready to let the dough rise.",5025,499
output/frames/5025/img_004813.jpg,4597,4825,4813,"C arranges the dough on the baking tray, carefully placing each piece in a neat row. They then move the tray to the oven, ensuring the dough is properly positioned. C closes the oven door, ready to let the dough rise.",5025,499
output/frames/5025/img_004816.jpg,4597,4825,4816,"C arranges the dough on the baking tray, carefully placing each piece in a neat row. They then move the tray to the oven, ensuring the dough is properly positioned. C closes the oven door, ready to let the dough rise.",5025,499
output/frames/5025/img_004819.jpg,4597,4825,4819,"C arranges the dough on the baking tray, carefully placing each piece in a neat row. They then move the tray to the oven, ensuring the dough is properly positioned. C closes the oven door, ready to let the dough rise.",5025,499
output/frames/5025/img_004822.jpg,4597,4825,4822,"C arranges the dough on the baking tray, carefully placing each piece in a neat row. They then move the tray to the oven, ensuring the dough is properly positioned. C closes the oven door, ready to let the dough rise.",5025,499
output/frames/5025/img_004825.jpg,4597,4825,4825,"C arranges the dough on the baking tray, carefully placing each piece in a neat row. They then move the tray to the oven, ensuring the dough is properly positioned. C closes the oven door, ready to let the dough rise.",5025,499
output/frames/5025/img_004826.jpg,4826,5138,4826,C picks up a piece of dough from the tray and places it on the shelf. C then moves the dough to the other side of the tray. C continues to arrange the dough on the tray.,5025,499
output/frames/5025/img_004831.jpg,4826,5138,4831,C picks up a piece of dough from the tray and places it on the shelf. C then moves the dough to the other side of the tray. C continues to arrange the dough on the tray.,5025,499
output/frames/5025/img_004836.jpg,4826,5138,4836,C picks up a piece of dough from the tray and places it on the shelf. C then moves the dough to the other side of the tray. C continues to arrange the dough on the tray.,5025,499
output/frames/5025/img_004841.jpg,4826,5138,4841,C picks up a piece of dough from the tray and places it on the shelf. C then moves the dough to the other side of the tray. C continues to arrange the dough on the tray.,5025,499
output/frames/5025/img_004846.jpg,4826,5138,4846,C picks up a piece of dough from the tray and places it on the shelf. C then moves the dough to the other side of the tray. C continues to arrange the dough on the tray.,5025,499
output/frames/5025/img_004851.jpg,4826,5138,4851,C picks up a piece of dough from the tray and places it on the shelf. C then moves the dough to the other side of the tray. C continues to arrange the dough on the tray.,5025,499
output/frames/5025/img_004856.jpg,4826,5138,4856,C picks up a piece of dough from the tray and places it on the shelf. C then moves the dough to the other side of the tray. C continues to arrange the dough on the tray.,5025,499
output/frames/5025/img_004861.jpg,4826,5138,4861,C picks up a piece of dough from the tray and places it on the shelf. C then moves the dough to the other side of the tray. C continues to arrange the dough on the tray.,5025,499
output/frames/5025/img_004866.jpg,4826,5138,4866,C picks up a piece of dough from the tray and places it on the shelf. C then moves the dough to the other side of the tray. C continues to arrange the dough on the tray.,5025,499
output/frames/5025/img_004871.jpg,4826,5138,4871,C picks up a piece of dough from the tray and places it on the shelf. C then moves the dough to the other side of the tray. C continues to arrange the dough on the tray.,5025,499
output/frames/5025/img_004876.jpg,4826,5138,4876,C picks up a piece of dough from the tray and places it on the shelf. C then moves the dough to the other side of the tray. C continues to arrange the dough on the tray.,5025,499
output/frames/5025/img_004881.jpg,4826,5138,4881,C picks up a piece of dough from the tray and places it on the shelf. C then moves the dough to the other side of the tray. C continues to arrange the dough on the tray.,5025,499
output/frames/5025/img_004886.jpg,4826,5138,4886,C picks up a piece of dough from the tray and places it on the shelf. C then moves the dough to the other side of the tray. C continues to arrange the dough on the tray.,5025,499
output/frames/5025/img_004891.jpg,4826,5138,4891,C picks up a piece of dough from the tray and places it on the shelf. C then moves the dough to the other side of the tray. C continues to arrange the dough on the tray.,5025,499
output/frames/5025/img_004896.jpg,4826,5138,4896,C picks up a piece of dough from the tray and places it on the shelf. C then moves the dough to the other side of the tray. C continues to arrange the dough on the tray.,5025,499
output/frames/5025/img_004901.jpg,4826,5138,4901,C picks up a piece of dough from the tray and places it on the shelf. C then moves the dough to the other side of the tray. C continues to arrange the dough on the tray.,5025,499
output/frames/5025/img_004906.jpg,4826,5138,4906,C picks up a piece of dough from the tray and places it on the shelf. C then moves the dough to the other side of the tray. C continues to arrange the dough on the tray.,5025,499
output/frames/5025/img_004911.jpg,4826,5138,4911,C picks up a piece of dough from the tray and places it on the shelf. C then moves the dough to the other side of the tray. C continues to arrange the dough on the tray.,5025,499
output/frames/5025/img_004916.jpg,4826,5138,4916,C picks up a piece of dough from the tray and places it on the shelf. C then moves the dough to the other side of the tray. C continues to arrange the dough on the tray.,5025,499
output/frames/5025/img_004921.jpg,4826,5138,4921,C picks up a piece of dough from the tray and places it on the shelf. C then moves the dough to the other side of the tray. C continues to arrange the dough on the tray.,5025,499
output/frames/5025/img_004926.jpg,4826,5138,4926,C picks up a piece of dough from the tray and places it on the shelf. C then moves the dough to the other side of the tray. C continues to arrange the dough on the tray.,5025,499
output/frames/5025/img_004931.jpg,4826,5138,4931,C picks up a piece of dough from the tray and places it on the shelf. C then moves the dough to the other side of the tray. C continues to arrange the dough on the tray.,5025,499
output/frames/5025/img_004936.jpg,4826,5138,4936,C picks up a piece of dough from the tray and places it on the shelf. C then moves the dough to the other side of the tray. C continues to arrange the dough on the tray.,5025,499
output/frames/5025/img_004941.jpg,4826,5138,4941,C picks up a piece of dough from the tray and places it on the shelf. C then moves the dough to the other side of the tray. C continues to arrange the dough on the tray.,5025,499
output/frames/5025/img_004946.jpg,4826,5138,4946,C picks up a piece of dough from the tray and places it on the shelf. C then moves the dough to the other side of the tray. C continues to arrange the dough on the tray.,5025,499
output/frames/5025/img_004951.jpg,4826,5138,4951,C picks up a piece of dough from the tray and places it on the shelf. C then moves the dough to the other side of the tray. C continues to arrange the dough on the tray.,5025,499
output/frames/5025/img_004956.jpg,4826,5138,4956,C picks up a piece of dough from the tray and places it on the shelf. C then moves the dough to the other side of the tray. C continues to arrange the dough on the tray.,5025,499
output/frames/5025/img_004961.jpg,4826,5138,4961,C picks up a piece of dough from the tray and places it on the shelf. C then moves the dough to the other side of the tray. C continues to arrange the dough on the tray.,5025,499
output/frames/5025/img_004966.jpg,4826,5138,4966,C picks up a piece of dough from the tray and places it on the shelf. C then moves the dough to the other side of the tray. C continues to arrange the dough on the tray.,5025,499
output/frames/5025/img_004971.jpg,4826,5138,4971,C picks up a piece of dough from the tray and places it on the shelf. C then moves the dough to the other side of the tray. C continues to arrange the dough on the tray.,5025,499
output/frames/5025/img_004976.jpg,4826,5138,4976,C picks up a piece of dough from the tray and places it on the shelf. C then moves the dough to the other side of the tray. C continues to arrange the dough on the tray.,5025,499
output/frames/5025/img_004981.jpg,4826,5138,4981,C picks up a piece of dough from the tray and places it on the shelf. C then moves the dough to the other side of the tray. C continues to arrange the dough on the tray.,5025,499
output/frames/5025/img_004986.jpg,4826,5138,4986,C picks up a piece of dough from the tray and places it on the shelf. C then moves the dough to the other side of the tray. C continues to arrange the dough on the tray.,5025,499
output/frames/5025/img_004991.jpg,4826,5138,4991,C picks up a piece of dough from the tray and places it on the shelf. C then moves the dough to the other side of the tray. C continues to arrange the dough on the tray.,5025,499
output/frames/5025/img_004996.jpg,4826,5138,4996,C picks up a piece of dough from the tray and places it on the shelf. C then moves the dough to the other side of the tray. C continues to arrange the dough on the tray.,5025,499
output/frames/5025/img_005001.jpg,4826,5138,5001,C picks up a piece of dough from the tray and places it on the shelf. C then moves the dough to the other side of the tray. C continues to arrange the dough on the tray.,5025,499
output/frames/5025/img_005006.jpg,4826,5138,5006,C picks up a piece of dough from the tray and places it on the shelf. C then moves the dough to the other side of the tray. C continues to arrange the dough on the tray.,5025,499
output/frames/5025/img_005011.jpg,4826,5138,5011,C picks up a piece of dough from the tray and places it on the shelf. C then moves the dough to the other side of the tray. C continues to arrange the dough on the tray.,5025,499
output/frames/5025/img_005016.jpg,4826,5138,5016,C picks up a piece of dough from the tray and places it on the shelf. C then moves the dough to the other side of the tray. C continues to arrange the dough on the tray.,5025,499
output/frames/5025/img_005021.jpg,4826,5138,5021,C picks up a piece of dough from the tray and places it on the shelf. C then moves the dough to the other side of the tray. C continues to arrange the dough on the tray.,5025,499
output/frames/5025/img_005026.jpg,4826,5138,5026,C picks up a piece of dough from the tray and places it on the shelf. C then moves the dough to the other side of the tray. C continues to arrange the dough on the tray.,5025,499
output/frames/5025/img_005031.jpg,4826,5138,5031,C picks up a piece of dough from the tray and places it on the shelf. C then moves the dough to the other side of the tray. C continues to arrange the dough on the tray.,5025,499
output/frames/5025/img_005036.jpg,4826,5138,5036,C picks up a piece of dough from the tray and places it on the shelf. C then moves the dough to the other side of the tray. C continues to arrange the dough on the tray.,5025,499
output/frames/5025/img_005041.jpg,4826,5138,5041,C picks up a piece of dough from the tray and places it on the shelf. C then moves the dough to the other side of the tray. C continues to arrange the dough on the tray.,5025,499
output/frames/5025/img_005046.jpg,4826,5138,5046,C picks up a piece of dough from the tray and places it on the shelf. C then moves the dough to the other side of the tray. C continues to arrange the dough on the tray.,5025,499
output/frames/5025/img_005051.jpg,4826,5138,5051,C picks up a piece of dough from the tray and places it on the shelf. C then moves the dough to the other side of the tray. C continues to arrange the dough on the tray.,5025,499
output/frames/5025/img_005056.jpg,4826,5138,5056,C picks up a piece of dough from the tray and places it on the shelf. C then moves the dough to the other side of the tray. C continues to arrange the dough on the tray.,5025,499
output/frames/5025/img_005061.jpg,4826,5138,5061,C picks up a piece of dough from the tray and places it on the shelf. C then moves the dough to the other side of the tray. C continues to arrange the dough on the tray.,5025,499
output/frames/5025/img_005066.jpg,4826,5138,5066,C picks up a piece of dough from the tray and places it on the shelf. C then moves the dough to the other side of the tray. C continues to arrange the dough on the tray.,5025,499
output/frames/5025/img_005071.jpg,4826,5138,5071,C picks up a piece of dough from the tray and places it on the shelf. C then moves the dough to the other side of the tray. C continues to arrange the dough on the tray.,5025,499
output/frames/5025/img_005076.jpg,4826,5138,5076,C picks up a piece of dough from the tray and places it on the shelf. C then moves the dough to the other side of the tray. C continues to arrange the dough on the tray.,5025,499
output/frames/5025/img_005081.jpg,4826,5138,5081,C picks up a piece of dough from the tray and places it on the shelf. C then moves the dough to the other side of the tray. C continues to arrange the dough on the tray.,5025,499
output/frames/5025/img_005086.jpg,4826,5138,5086,C picks up a piece of dough from the tray and places it on the shelf. C then moves the dough to the other side of the tray. C continues to arrange the dough on the tray.,5025,499
output/frames/5025/img_005091.jpg,4826,5138,5091,C picks up a piece of dough from the tray and places it on the shelf. C then moves the dough to the other side of the tray. C continues to arrange the dough on the tray.,5025,499
output/frames/5025/img_005096.jpg,4826,5138,5096,C picks up a piece of dough from the tray and places it on the shelf. C then moves the dough to the other side of the tray. C continues to arrange the dough on the tray.,5025,499
output/frames/5025/img_005101.jpg,4826,5138,5101,C picks up a piece of dough from the tray and places it on the shelf. C then moves the dough to the other side of the tray. C continues to arrange the dough on the tray.,5025,499
output/frames/5025/img_005106.jpg,4826,5138,5106,C picks up a piece of dough from the tray and places it on the shelf. C then moves the dough to the other side of the tray. C continues to arrange the dough on the tray.,5025,499
output/frames/5025/img_005111.jpg,4826,5138,5111,C picks up a piece of dough from the tray and places it on the shelf. C then moves the dough to the other side of the tray. C continues to arrange the dough on the tray.,5025,499
output/frames/5025/img_005116.jpg,4826,5138,5116,C picks up a piece of dough from the tray and places it on the shelf. C then moves the dough to the other side of the tray. C continues to arrange the dough on the tray.,5025,499
output/frames/5025/img_005121.jpg,4826,5138,5121,C picks up a piece of dough from the tray and places it on the shelf. C then moves the dough to the other side of the tray. C continues to arrange the dough on the tray.,5025,499
output/frames/5025/img_005126.jpg,4826,5138,5126,C picks up a piece of dough from the tray and places it on the shelf. C then moves the dough to the other side of the tray. C continues to arrange the dough on the tray.,5025,499
output/frames/5025/img_005131.jpg,4826,5138,5131,C picks up a piece of dough from the tray and places it on the shelf. C then moves the dough to the other side of the tray. C continues to arrange the dough on the tray.,5025,499
output/frames/5025/img_005136.jpg,4826,5138,5136,C picks up a piece of dough from the tray and places it on the shelf. C then moves the dough to the other side of the tray. C continues to arrange the dough on the tray.,5025,499
output/frames/5025/img_005139.jpg,5139,5399,5139,"C reaches into the oven and pulls out a tray of freshly baked bread. They then walk towards the counter, where they place the tray down. C then turns and walks towards the oven, where they begin to place the bread back into the oven.",5025,499
output/frames/5025/img_005149.jpg,5139,5399,5149,"C reaches into the oven and pulls out a tray of freshly baked bread. They then walk towards the counter, where they place the tray down. C then turns and walks towards the oven, where they begin to place the bread back into the oven.",5025,499
output/frames/5025/img_005159.jpg,5139,5399,5159,"C reaches into the oven and pulls out a tray of freshly baked bread. They then walk towards the counter, where they place the tray down. C then turns and walks towards the oven, where they begin to place the bread back into the oven.",5025,499
output/frames/5025/img_005169.jpg,5139,5399,5169,"C reaches into the oven and pulls out a tray of freshly baked bread. They then walk towards the counter, where they place the tray down. C then turns and walks towards the oven, where they begin to place the bread back into the oven.",5025,499
output/frames/5025/img_005179.jpg,5139,5399,5179,"C reaches into the oven and pulls out a tray of freshly baked bread. They then walk towards the counter, where they place the tray down. C then turns and walks towards the oven, where they begin to place the bread back into the oven.",5025,499
output/frames/5025/img_005189.jpg,5139,5399,5189,"C reaches into the oven and pulls out a tray of freshly baked bread. They then walk towards the counter, where they place the tray down. C then turns and walks towards the oven, where they begin to place the bread back into the oven.",5025,499
output/frames/5025/img_005199.jpg,5139,5399,5199,"C reaches into the oven and pulls out a tray of freshly baked bread. They then walk towards the counter, where they place the tray down. C then turns and walks towards the oven, where they begin to place the bread back into the oven.",5025,499
output/frames/5025/img_005209.jpg,5139,5399,5209,"C reaches into the oven and pulls out a tray of freshly baked bread. They then walk towards the counter, where they place the tray down. C then turns and walks towards the oven, where they begin to place the bread back into the oven.",5025,499
output/frames/5025/img_005219.jpg,5139,5399,5219,"C reaches into the oven and pulls out a tray of freshly baked bread. They then walk towards the counter, where they place the tray down. C then turns and walks towards the oven, where they begin to place the bread back into the oven.",5025,499
output/frames/5025/img_005229.jpg,5139,5399,5229,"C reaches into the oven and pulls out a tray of freshly baked bread. They then walk towards the counter, where they place the tray down. C then turns and walks towards the oven, where they begin to place the bread back into the oven.",5025,499
output/frames/5025/img_005239.jpg,5139,5399,5239,"C reaches into the oven and pulls out a tray of freshly baked bread. They then walk towards the counter, where they place the tray down. C then turns and walks towards the oven, where they begin to place the bread back into the oven.",5025,499
output/frames/5025/img_005249.jpg,5139,5399,5249,"C reaches into the oven and pulls out a tray of freshly baked bread. They then walk towards the counter, where they place the tray down. C then turns and walks towards the oven, where they begin to place the bread back into the oven.",5025,499
output/frames/5025/img_005259.jpg,5139,5399,5259,"C reaches into the oven and pulls out a tray of freshly baked bread. They then walk towards the counter, where they place the tray down. C then turns and walks towards the oven, where they begin to place the bread back into the oven.",5025,499
output/frames/5025/img_005269.jpg,5139,5399,5269,"C reaches into the oven and pulls out a tray of freshly baked bread. They then walk towards the counter, where they place the tray down. C then turns and walks towards the oven, where they begin to place the bread back into the oven.",5025,499
output/frames/5025/img_005279.jpg,5139,5399,5279,"C reaches into the oven and pulls out a tray of freshly baked bread. They then walk towards the counter, where they place the tray down. C then turns and walks towards the oven, where they begin to place the bread back into the oven.",5025,499
output/frames/5025/img_005289.jpg,5139,5399,5289,"C reaches into the oven and pulls out a tray of freshly baked bread. They then walk towards the counter, where they place the tray down. C then turns and walks towards the oven, where they begin to place the bread back into the oven.",5025,499
output/frames/5025/img_005299.jpg,5139,5399,5299,"C reaches into the oven and pulls out a tray of freshly baked bread. They then walk towards the counter, where they place the tray down. C then turns and walks towards the oven, where they begin to place the bread back into the oven.",5025,499
output/frames/5025/img_005309.jpg,5139,5399,5309,"C reaches into the oven and pulls out a tray of freshly baked bread. They then walk towards the counter, where they place the tray down. C then turns and walks towards the oven, where they begin to place the bread back into the oven.",5025,499
output/frames/5025/img_005319.jpg,5139,5399,5319,"C reaches into the oven and pulls out a tray of freshly baked bread. They then walk towards the counter, where they place the tray down. C then turns and walks towards the oven, where they begin to place the bread back into the oven.",5025,499
output/frames/5025/img_005329.jpg,5139,5399,5329,"C reaches into the oven and pulls out a tray of freshly baked bread. They then walk towards the counter, where they place the tray down. C then turns and walks towards the oven, where they begin to place the bread back into the oven.",5025,499
output/frames/5025/img_005339.jpg,5139,5399,5339,"C reaches into the oven and pulls out a tray of freshly baked bread. They then walk towards the counter, where they place the tray down. C then turns and walks towards the oven, where they begin to place the bread back into the oven.",5025,499
output/frames/5025/img_005349.jpg,5139,5399,5349,"C reaches into the oven and pulls out a tray of freshly baked bread. They then walk towards the counter, where they place the tray down. C then turns and walks towards the oven, where they begin to place the bread back into the oven.",5025,499
output/frames/5025/img_005359.jpg,5139,5399,5359,"C reaches into the oven and pulls out a tray of freshly baked bread. They then walk towards the counter, where they place the tray down. C then turns and walks towards the oven, where they begin to place the bread back into the oven.",5025,499
output/frames/5025/img_005369.jpg,5139,5399,5369,"C reaches into the oven and pulls out a tray of freshly baked bread. They then walk towards the counter, where they place the tray down. C then turns and walks towards the oven, where they begin to place the bread back into the oven.",5025,499
output/frames/5025/img_005379.jpg,5139,5399,5379,"C reaches into the oven and pulls out a tray of freshly baked bread. They then walk towards the counter, where they place the tray down. C then turns and walks towards the oven, where they begin to place the bread back into the oven.",5025,499
output/frames/5025/img_005389.jpg,5139,5399,5389,"C reaches into the oven and pulls out a tray of freshly baked bread. They then walk towards the counter, where they place the tray down. C then turns and walks towards the oven, where they begin to place the bread back into the oven.",5025,499
output/frames/5025/img_005399.jpg,5139,5399,5399,"C reaches into the oven and pulls out a tray of freshly baked bread. They then walk towards the counter, where they place the tray down. C then turns and walks towards the oven, where they begin to place the bread back into the oven.",5025,499
